Driver,LapTime_first_year,LapTime_latter_year
ALB,114.69622727272727,110.47025
ALB,100.46508771929825,98.51121428571427
ALB,103.17762962962962,102.14573214285714
ALB,81.01615277777779,84.98851428571429
ALB,102.14371739130435,100.94432
ALB,98.51121428571427,100.66335714285715
ALB,,105.33678260869566
ALB,84.49361999999999,87.4784761904762
ALB,85.16617142857142,85.64076811594202
ALB,84.98851428571429,77.27084507042254
ALB,92.17120689655172,102.9735
ALB,85.77910144927536,83.46872463768115
ALB,98.99976785714286,93.5281052631579
ALB,96.97232653061225,95.92666666666666
ALB,85.76407246376812,85.77910144927536
ALB,92.043796875,81.62535384615384
ALB,93.5281052631579,96.9467894736842
ALB,84.76933333333334,104.67238888888889
ALB,98.74646153846153,96.45088461538461
ALB,82.43655384615386,85.30177777777779
ALB,116.50635714285714,114.69622727272727
ALB,110.25446,107.8520625
ALB,91.30703448275862,91.30775438596491
ALB,100.94432,96.97232653061225
ALB,104.04686666666666,99.14240983606557
ALB,103.62635714285715,103.17762962962962
ALB,,84.01462857142857
ALB,93.68740350877192,97.82664285714286
ALB,72.48091428571428,80.01520000000001
ALB,129.04478260869567,102.39281666666668
ALB,96.45088461538461,108.29774468085105
ALB,103.64063157894736,100.46508771929825
ALB,105.33678260869566,
ALB,112.33254545454545,79.54884210526316
ALB,101.28077777777779,101.28084000000001
ALB,102.9735,84.76933333333334
ALB,91.63241176470588,78.32782608695652
ALB,102.39281666666668,104.04686666666666
ALB,110.47025,113.1410731707317
ALB,87.57350980392157,85.81477358490567
ALB,110.80507843137255,110.25446
ALB,107.64545283018867,103.62635714285715
ALB,95.88040425531915,85.8596103896104
ALB,85.64076811594202,
ALB,92.7341052631579,91.30703448275862
ALB,73.28695774647888,72.48091428571428
ALB,83.23785714285714,81.41658571428572
ALB,77.27084507042254,82.16911111111112
ALB,112.23095918367346,110.80507843137255
ALB,81.41658571428572,91.63241176470588
ALB,,93.72358490566039
ALB,85.81477358490567,84.054
ALB,83.80366197183099,
ALB,96.9467894736842,94.37989473684212
ALB,85.8596103896104,112.33254545454545
ALB,,98.74646153846153
ALB,72.69841428571429,73.28695774647888
ALB,87.57660869565217,85.76407246376812
ALB,109.25107142857142,98.4169107142857
ALB,81.62535384615384,82.43655384615386
ALO,95.56702,98.37809999999999
ALO,102.58660869565219,99.90328
ALO,102.29045161290323,103.08726315789474
ALO,103.40588524590164,99.23678688524589
ALO,107.28244897959183,110.22398
ALO,101.62562790697675,98.4550625
ALO,90.72648275862069,90.95972413793103
ALO,79.48371428571429,83.43105633802816
ALO,94.835875,94.55775
ALO,93.45671929824562,93.09462962962962
ALO,87.59680392156862,85.83437735849056
ALO,86.72646376811595,85.2049
ALO,103.08726315789474,99.56794736842104
ALO,98.37809999999999,98.73328846153846
ALO,88.78448387096775,87.59680392156862
ALO,96.35838461538462,108.271
ALO,100.68494000000001,98.63931372549018
ALO,72.07981428571428,72.61052857142857
ALO,84.37027941176471,86.72646376811595
ALO,76.77273239436619,80.85454166666666
ALO,85.77373076923078,84.61784482758621
ALO,103.63728571428571,102.90420370370371
ALO,90.6776862745098,88.78448387096775
ALO,72.61052857142857,72.73132394366198
ALO,111.57175000000001,100.68494000000001
ALO,227.661,115.7175
ALO,88.6859347826087,101.74926666666667
ALO,90.66881159420291,78.90942857142856
ALO,99.23678688524589,98.43603225806451
ALO,104.27089795918366,106.30213461538462
ALO,80.94040909090909,81.68806153846154
ALO,110.15915909090909,114.74175609756098
ALO,78.74318571428572,89.4820895522388
ALO,113.15010526315788,80.75283333333333
ALO,96.26285964912282,95.5815357142857
ALO,101.74926666666667,84.9030294117647
ALO,84.89678571428571,84.9216507936508
ALO,92.06441071428571,96.23140350877192
ALO,106.30213461538462,103.63728571428571
ALO,123.47755555555555,103.40588524590164
ALO,80.68454285714286,90.66881159420291
ALO,85.24677464788732,76.88805633802816
ALO,76.88805633802816,82.24386111111112
ALO,102.90420370370371,101.96717857142858
ALO,80.85454166666666,85.24677464788732
ALO,85.2049,85.20641428571427
ALO,82.95288571428571,80.68454285714286
ALO,93.09462962962962,90.72648275862069
ALO,112.03967391304347,111.64402
ALO,98.63931372549018,94.04369811320754
ALO,113.78713636363636,110.15915909090909
ALO,94.55775,96.13520833333332
ALO,91.13414285714286,84.10129487179486
ALO,81.68806153846154,84.8324090909091
ALO,115.7175,113.78713636363636
ALO,73.00654285714285,72.88594202898551
ALO,84.61784482758621,98.51737931034482
ALO,99.56794736842104,97.88822807017544
ALO,72.73132394366198,73.00654285714285
ALO,77.70535064935065,91.13414285714286
ALO,83.87703225806452,87.62617460317462
ALO,89.9588,80.94040909090909
ALO,98.93473214285714,92.71133333333334
ALO,84.10129487179486,113.15010526315788
ALO,98.73328846153846,96.35838461538462
ALO,91.784,85.77373076923078
ALO,84.9216507936508,88.6859347826087
ALO,98.4550625,94.835875
ALO,85.20641428571427,82.5753
ALO,107.29964814814814,111.3935
ALO,110.22398,107.996375
ALO,97.88822807017544,100.85835714285714
ALO,85.83437735849056,86.72925
ALO,92.93013114754099,124.15316666666666
ALO,111.64402,107.28244897959183
ALO,100.4427358490566,101.75509615384615
ALO,92.71133333333334,96.26285964912282
ALO,87.04913846153846,89.9588
ALO,83.43105633802816,78.74318571428572
BEA,110.35770000000001,107.8435
BEA,96.04824489795918,96.30537500000001
BOT,90.3833137254902,92.84476923076923
BOT,113.64166666666667,136.214
BOT,93.43387719298245,94.4432
BOT,72.63267142857143,73.94834285714286
BOT,125.651,114.44638636363635
BOT,103.92791071428572,103.58574074074075
BOT,91.48973015873015,85.20705194805196
BOT,98.89938461538462,97.82117647058824
BOT,73.94834285714286,72.60247142857142
BOT,102.79785714285715,105.7689375
BOT,89.40077272727272,81.96743076923076
BOT,85.20705194805196,113.15844736842105
BOT,85.77844927536232,85.9043188405797
BOT,98.26928125,99.02766666666668
BOT,102.97724561403508,100.16461403508771
BOT,110.79430612244899,111.24593877551021
BOT,93.5311724137931,92.90556140350877
BOT,87.9625,86.69111538461539
BOT,81.46828571428571,90.82039130434782
BOT,90.96036842105264,87.86484313725491
BOT,114.44638636363635,110.62904545454545
BOT,92.84476923076923,87.9625
BOT,86.48070769230769,85.77844927536232
BOT,93.50663157894736,96.53038596491228
BOT,99.27225,98.26928125
BOT,101.37231578947369,98.89938461538462
BOT,104.46482,100.17049180327868
BOT,78.2595352112676,83.61402816901409
BOT,97.82858181818182,93.50663157894736
BOT,123.22375925925925,104.46482
BOT,86.26114492753624,85.13011428571428
BOT,81.96743076923076,82.36215384615384
BOT,80.00898113207546,85.77475714285714
BOT,136.214,101.44864705882354
BOT,87.86484313725491,85.42401754385965
BOT,82.9572,81.46828571428571
BOT,111.45539583333334,110.79430612244899
BOT,85.77475714285714,77.83952857142857
BOT,99.25260377358491,103.37316981132076
BOT,92.90556140350877,91.84271929824561
BOT,93.23591836734694,101.37231578947369
BOT,76.79299999999999,91.48973015873015
BOT,109.6235,111.45539583333334
BOT,229.485,125.651
BOT,105.7689375,103.92791071428572
BOT,91.84271929824561,94.90933333333334
BOT,71.16219718309858,72.63267142857143
BOT,107.44702040816325,100.76028571428571
BOT,,86.48070769230769
BOT,85.13011428571428,87.02815714285715
BOT,87.02815714285715,87.11467142857143
BOT,75.85909722222222,80.00898113207546
BOT,99.02766666666668,97.68866666666668
BOT,81.43955263157895,89.53307462686568
BOT,98.31056363636364,102.97724561403508
BOT,101.96483333333335,88.43122222222223
BOT,83.61402816901409,81.43955263157895
BOT,85.065,89.40077272727272
BOT,100.16461403508771,98.50374545454545
COL,102.37798181818181,102.59032727272727
COL,86.07613207547169,84.84178846153847
COL,110.29074,108.80091489361702
COL,86.90424285714285,84.61357142857143
COL,99.32549180327868,99.4304426229508
GAS,110.48647727272727,114.14143902439024
GAS,76.80405128205129,90.65195161290323
GAS,90.65195161290323,84.54284615384616
GAS,88.29672000000001,86.52059615384616
GAS,99.93597727272727,100.23285416666666
GAS,97.53079591836735,121.453
GAS,95.58684,100.90948
GAS,85.3122105263158,104.88916666666667
GAS,102.72396721311476,100.19065573770492
GAS,86.77695714285714,84.60934285714286
GAS,115.72978048780489,114.3985
GAS,100.422,103.16150943396227
GAS,83.46720967741935,87.69242857142856
GAS,86.52059615384616,84.81080769230769
GAS,100.78102272727273,100.18401754385964
GAS,121.453,
GAS,91.09535087719298,86.08175
GAS,110.85819607843138,110.61432
GAS,85.13904285714285,86.81901428571429
GAS,84.4893,76.81863380281689
GAS,81.24624242424242,84.7766212121212
GAS,100.23285416666666,97.53079591836735
GAS,80.96919444444444,84.4893
GAS,114.16808333333334,101.03768
GAS,98.87783928571427,101.32345614035087
GAS,114.3985,110.48647727272727
GAS,100.18401754385964,98.87783928571427
GAS,90.48341538461538,81.0828787878788
GAS,93.22650877192983,96.40059649122807
GAS,97.57266666666666,93.22650877192983
GAS,71.78009859154929,72.82454285714286
GAS,91.25834482758621,90.79053448275862
GAS,102.45436363636364,102.6602909090909
GAS,108.98313636363636,111.43078
GAS,111.43078,110.85819607843138
GAS,91.2057924528302,88.29672000000001
GAS,93.51510344827587,92.7449649122807
GAS,99.99128888888889,
GAS,110.61432,108.80565957446808
GAS,86.6440909090909,83.58804347826087
GAS,124.981,86.6440909090909
GAS,86.56047692307692,90.48341538461538
GAS,84.2666338028169,85.13904285714285
GAS,102.09619607843138,94.13405660377357
GAS,83.6748028169014,78.67128571428572
GAS,106.783,91.2057924528302
GAS,109.07442857142857,106.01266666666666
GAS,93.53452631578948,96.17728070175438
GAS,78.67128571428572,88.44259701492538
GAS,76.81863380281689,82.40941666666667
GAS,90.68531884057971,80.00924637681159
GAS,72.17695774647888,73.34417391304348
GAS,217.248,115.72978048780489
GAS,100.18149019607844,100.78102272727273
GAS,81.47995714285715,90.68531884057971
GAS,87.06814492753624,124.981
GAS,92.7449649122807,91.25834482758621
GAS,93.36167213114754,88.38901639344262
GAS,109.31744642857143,98.6110892857143
GAS,100.90948,99.99128888888889
GAS,103.02425000000001,102.45436363636364
GAS,96.40059649122807,95.12336842105263
GAS,83.24199999999999,81.47995714285715
GAS,106.01266666666666,103.02425000000001
GAS,,108.05423404255319
GAS,112.41292207792208,93.94414285714286
GAS,81.0828787878788,81.24624242424242
GAS,121.21623076923076,102.72396721311476
GAS,100.19065573770492,99.50537704918034
GAS,73.11653521126762,72.17695774647888
GAS,100.98935555555555,102.46486666666667
GAS,86.81901428571429,86.77695714285714
GAS,84.54284615384616,112.41292207792208
GAS,85.14202941176471,87.06814492753624
GAS,76.29835211267606,80.96919444444444
GAS,86.08175,85.3122105263158
GAS,79.24347142857143,83.6748028169014
GAS,72.82454285714286,73.11653521126762
GAS,101.03768,102.09619607843138
HAM,81.9104126984127,87.42150793650794
HAM,80.77484722222222,84.65327142857143
HAM,80.75022857142856,90.47365217391304
HAM,108.064,101.22673214285714
HAM,113.63911363636363,109.0355909090909
HAM,99.03158490566038,100.92076923076924
HAM,71.90885915492959,72.85638028169014
HAM,85.48208571428572,84.6824
HAM,97.5862,102.86419298245615
HAM,80.33378787878787,80.57601515151515
HAM,93.14894736842105,95.90282456140352
HAM,95.90282456140352,94.59250877192983
HAM,97.71621818181818,93.14894736842105
HAM,83.3179295774648,79.15551428571429
HAM,109.11678571428571,97.86441071428571
HAM,111.07112,109.08368
HAM,84.2441282051282,109.83961038961039
HAM,84.97258490566038,83.80705660377359
HAM,72.85638028169014,71.63295774647887
HAM,91.15574603174603,84.2441282051282
HAM,85.2284,103.9671886792453
HAM,97.48968627450981,95.13575
HAM,84.66181818181819,89.31831818181819
HAM,82.69661428571429,80.75022857142856
HAM,76.32108333333333,76.61263636363637
HAM,76.98783333333334,91.15574603174603
HAM,,113.63911363636363
HAM,95.13575,107.64827659574468
HAM,89.31831818181819,80.33378787878787
HAM,84.6824,84.24098571428571
HAM,85.92366197183098,83.5918309859155
HAM,98.92286274509803,93.51254716981131
HAM,99.78443859649123,97.45729824561403
HAM,108.56404545454546,111.07112
HAM,95.492125,97.48968627450981
HAM,94.95504166666666,95.27227083333332
HAM,89.36118644067797,89.4075
HAM,71.63295774647887,72.23875714285714
HAM,84.65327142857143,76.32108333333333
HAM,90.18107017543859,87.48888679245283
HAM,91.18662264150943,87.42788235294118
HAM,109.08368,110.33262
HAM,98.99708064516129,98.42932258064516
HAM,83.60057746478873,83.54809859154929
HAM,83.54809859154929,84.11548529411765
HAM,93.03512244897958,95.492125
HAM,80.57601515151515,84.74065151515151
HAM,209.672,
HAM,79.15551428571429,89.13016417910447
HAM,92.41259649122807,91.94521818181818
HAM,87.48888679245283,85.2284
HAM,101.91575409836065,98.99708064516129
HAM,95.643625,94.95504166666666
HAM,78.06832394366197,83.3179295774648
HAM,83.97120588235295,85.48208571428572
HAM,109.83961038961039,78.01576923076924
HAM,100.20878,98.92286274509803
HAM,102.53736956521739,98.66564
HAM,97.34811627906977,100.37389583333334
HAM,109.0355909090909,113.51165853658537
HAM,119.84488235294117,101.91575409836065
HAM,87.42788235294118,84.97258490566038
HAM,,94.06752727272728
HAM,90.8111724137931,90.16851724137932
HAM,101.39080357142858,103.15706
HAM,71.56330985915493,71.90885915492959
HAM,110.33262,107.092625
HAM,75.36565277777778,80.77484722222222
HAM,103.15706,102.20691071428571
HAM,87.6894,91.18662264150943
HAM,90.47365217391304,78.90572857142857
HAM,102.20691071428571,108.064
HAM,91.94521818181818,90.8111724137931
HAM,84.24098571428571,83.05930434782609
HAM,97.45729824561403,100.27203571428572
HAM,102.86419298245615,99.78443859649123
HAM,84.11548529411765,85.92366197183098
HAM,100.37389583333334,95.643625
HAM,111.22670833333332,100.20878
HUL,101.59730612244898,100.18244
HUL,100.18244,94.50830188679247
HUL,90.76255072463768,78.97217142857143
HUL,103.77260714285714,102.16325454545455
HUL,76.96807042253522,82.35519444444444
HUL,72.06881690140844,72.977
HUL,79.57684057971014,88.30792592592591
HUL,96.32745614035088,95.22753571428572
HUL,87.0459,86.55028571428572
HUL,86.58534210526315,
HUL,81.96073913043479,90.76255072463768
HUL,,80.3340394736842
HUL,98.90964,95.76462500000001
HUL,94.18308928571427,98.32071794871794
HUL,103.42948780487806,99.71554
HUL,108.41190909090909,99.55003636363637
HUL,86.52936538461539,85.02406896551723
HUL,99.27395081967214,99.53126229508197
HUL,81.46518461538462,81.4309393939394
HUL,98.61382142857143,101.62994736842106
HUL,102.16325454545455,101.73946428571428
HUL,85.72714492753623,83.36955072463768
HUL,88.46472,86.76148076923076
HUL,93.5647543859649,96.32745614035088
HUL,96.20732692307692,106.56926086956521
HUL,109.71264583333334,110.39265999999999
HUL,101.08298214285715,98.61382142857143
HUL,85.02406896551723,104.74016666666667
HUL,82.04791666666667,72.06881690140844
HUL,91.48827586206896,90.8421551724138
HUL,81.4309393939394,84.7124696969697
HUL,95.76462500000001,96.80902127659576
HUL,85.61838571428572,76.96807042253522
HUL,111.04256818181817,114.19846341463413
HUL,86.55028571428572,85.00536
HUL,98.91540384615384,96.20732692307692
HUL,83.07304838709678,87.6745238095238
HUL,86.76148076923076,
HUL,103.40555737704918,99.27395081967214
HUL,110.39265999999999,108.14339583333333
HUL,99.7682765957447,98.90964
HUL,115.02045454545454,111.04256818181817
HUL,103.81426315789474,101.08298214285715
HUL,86.08597101449276,85.72714492753623
LAT,90.77005882352941,92.89044230769231
LAT,112.04052173913043,114.20869387755101
LAT,101.33117307692306,103.61005128205127
LAT,78.11064285714285,81.27287142857142
LAT,102.55860784313725,103.77857894736842
LAT,78.04811688311688,92.03032258064516
LAT,222.556,116.503675
LAT,85.35536764705883,87.75230434782608
LAT,80.16661428571427,83.81805633802817
LAT,72.54062857142857,73.47295833333334
LAT,87.04418461538462,91.327046875
LAT,95.7654693877551,100.08972549019607
LAT,92.30982,94.4725090909091
LAT,,88.57816393442623
LAT,104.9729090909091,108.12381132075471
LAT,86.55617391304348,86.5456811594203
LAT,100.9099090909091,98.87614285714287
LAW,94.39778571428572,95.86683928571428
LAW,87.43237142857143,96.3844
LAW,101.46307407407409,102.02446428571429
LEC,90.94284482758621,90.35546551724138
LEC,84.30285915492958,84.19160294117648
LEC,110.26808333333334,100.03676
LEC,93.17945614035088,94.78089285714286
LEC,84.30964285714286,82.26844285714286
LEC,,83.26222413793103
LEC,97.79474509803921,108.80957446808512
LEC,115.6982380952381,113.24338636363636
LEC,85.59941428571429,85.05644285714286
LEC,84.53679487179487,109.32074025974026
LEC,103.09034,102.60757142857143
LEC,107.07857142857144,108.67784
LEC,97.24300000000001,94.10120833333333
LEC,80.74586111111111,87.3498780487805
LEC,91.13126415094341,86.91215686274509
LEC,99.64405128205128,97.27036842105264
LEC,83.41528169014084,
LEC,75.98552777777778,78.7888076923077
LEC,118.34280769230769,102.19391803278688
LEC,109.21793181818181,112.61043902439025
LEC,81.47885714285714,87.52338095238095
LEC,98.62904838709677,97.87682258064517
LEC,89.69103703703703,81.09634848484849
LEC,93.07944897959183,95.70135416666666
LEC,85.05644285714286,84.30964285714286
LEC,90.35546551724138,90.08998275862069
LEC,91.91016071428571,93.57574545454546
LEC,99.8696888888889,98.80504
LEC,96.1480925925926,93.17945614035088
LEC,113.24338636363636,109.21793181818181
LEC,108.67784,107.0756875
LEC,99.61145454545455,96.81834042553193
LEC,,88.65179104477612
LEC,88.37974999999999,
LEC,,85.59941428571429
LEC,219.679,115.6982380952381
LEC,99.80833333333332,100.99167857142857
LEC,80.65054545454545,84.6640909090909
LEC,96.81834042553193,97.24300000000001
LEC,76.36866197183099,80.74586111111111
LEC,87.3498780487805,75.98552777777778
LEC,86.91215686274509,84.54201886792453
LEC,84.19160294117648,85.77728169014084
LEC,100.69770909090909,99.64405128205128
LEC,102.19391803278688,98.62904838709677
LEC,102.29996428571428,103.09034
LEC,93.53885964912281,90.94284482758621
LEC,71.77095774647887,71.32833802816901
LEC,87.71097959183673,91.13126415094341
LEC,95.61271794871796,78.80185714285714
LEC,89.54141935483871,84.53679487179487
LEC,98.68725454545455,100.69770909090909
LEC,71.32833802816901,72.37692957746478
LEC,94.78089285714286,94.53724561403509
LEC,80.81422857142857,95.61271794871796
LEC,78.76574647887324,83.41528169014084
LEC,90.71095161290322,88.63584126984126
LEC,84.54201886792453,83.5839433962264
LEC,106.02094339622641,97.82566071428572
LEC,95.70135416666666,98.7620576923077
LEC,85.48933333333333,89.69103703703703
LEC,72.25146478873239,72.10732857142857
LEC,100.03676,98.53758823529412
LEC,98.7620576923077,97.79474509803921
LEC,98.53758823529412,93.26566037735849
LEC,72.37692957746478,72.25146478873239
LEC,83.26222413793103,103.9335283018868
LEC,,89.54141935483871
LEC,85.77728169014084,83.22391549295774
LEC,112.38645,107.07857142857144
LEC,81.09634848484849,80.65054545454545
LEC,109.1019090909091,112.38645
LEC,94.10120833333333,94.54710416666667
LEC,109.32074025974026,77.39710256410257
LEC,97.27036842105264,100.01864285714285
LEC,101.28161538461539,99.11423529411765
LEC,84.50877464788732,84.30285915492958
LEC,82.8132142857143,80.81422857142857
LEC,102.60757142857143,99.80833333333332
MAG,87.23292,84.75305263157895
MAG,93.93596428571428,96.44736842105263
MAG,101.70177777777778,99.91544
MAG,104.17152727272727,101.46892592592593
MAG,86.64558064516129,86.18932394366198
MAG,98.79440000000001,96.91802040816327
MAG,107.41815094339623,104.17152727272727
MAG,91.8859649122807,92.47171929824562
MAG,100.95523214285716,98.44746428571429
MAG,85.6735,86.64558064516129
MAG,93.27442105263158,91.8859649122807
MAG,,
MAG,113.60416666666667,102.01616326530613
MAG,102.01616326530613,101.48870588235295
MAG,72.51325714285714,74.02
MAG,122.75868518518519,102.34708333333333
MAG,86.53601449275362,85.90276811594204
MAG,100.1476875,98.79440000000001
MAG,94.70661290322582,96.86946153846155
MAG,82.7334347826087,90.83120289855073
MAG,81.10613888888889,86.85571830985916
MAG,93.35414035087719,96.5712105263158
MAG,87.56428985507246,86.53601449275362
MAG,86.85571830985916,77.6229014084507
MAG,102.95329824561404,100.95523214285716
MAG,83.57052857142857,82.7334347826087
MAG,99.19743636363637,93.35414035087719
MAG,114.82281818181818,110.53797727272728
MAG,91.36842857142857,87.23292
MAG,112.62316129032259,109.52422
MAG,98.85244,94.70661290322582
MAG,91.455171875,81.78492307692308
MAG,86.44544927536232,
MAG,116.96921951219512,114.82281818181818
MAG,92.92609615384616,88.67533999999999
MAG,102.34708333333333,100.73653571428572
MAG,74.02,72.15708450704226
MAG,81.78492307692308,82.38484615384615
MAG,105.01852631578947,86.44544927536232
MAG,88.67533999999999,85.6420566037736
MSC,73.05082608695652,72.42302857142857
MSC,,85.65161428571429
MSC,97.09667346938775,98.78227999999999
MSC,101.92128846153847,103.44350943396228
MSC,79.68425333333334,103.64608333333332
MSC,112.25644444444444,113.07691836734695
MSC,86.0221343283582,87.15092753623188
MSC,236.578,117.15739024390246
MSC,95.19205263157895,93.06989473684212
MSC,81.38297101449275,83.71750704225353
MSC,94.37689830508475,88.87654098360656
MSC,79.24921739130434,81.05233333333334
MSC,105.22525925925926,107.74545283018868
MSC,87.3655,90.52181538461538
MSC,92.5578076923077,91.24641509433962
MSC,101.83098181818181,103.26592982456141
NOR,81.66661538461538,80.3400909090909
NOR,94.85802083333334,94.71422916666667
NOR,71.73521875,71.82418571428572
NOR,72.67512676056339,71.73521875
NOR,107.44454545454545,97.58525
NOR,84.88364935064935,109.56542857142858
NOR,83.32322413793104,103.42830188679245
NOR,81.45301428571429,90.50846376811594
NOR,94.52207142857142,93.61784210526315
NOR,98.26139215686275,92.98879245283018
NOR,84.60521428571428,84.059
NOR,97.16343137254903,95.28088461538461
NOR,99.4957,98.26139215686275
NOR,92.37082456140351,92.82092592592592
NOR,86.56167307692309,83.32322413793104
NOR,101.91670491803278,97.62211290322581
NOR,102.3587857142857,100.15840740740741
NOR,80.3400909090909,84.54312121212122
NOR,90.50846376811594,76.32530303030303
NOR,87.58023529411764,84.65811320754717
NOR,109.7893,109.23942
NOR,86.34752857142857,85.35922535211267
NOR,99.22678,94.85802083333334
NOR,84.88695714285714,75.63220833333334
NOR,78.43897142857143,88.59928358208956
NOR,114.18565909090908,109.2475
NOR,124.8445,99.38708000000001
NOR,90.46393103448277,89.5395
NOR,109.56542857142858,77.35696153846153
NOR,102.60676363636364,97.42456140350878
NOR,84.059,81.73187142857142
NOR,93.78873684210525,94.52207142857142
NOR,95.28088461538461,105.54921739130435
NOR,97.42456140350878,99.98400000000001
NOR,91.7611724137931,90.46393103448277
NOR,107.3623396226415,102.3587857142857
NOR,80.86220833333333,84.88695714285714
NOR,84.93302857142857,85.08175714285714
NOR,76.8693661971831,80.86220833333333
NOR,86.48874285714287,84.60521428571428
NOR,100.15840740740741,100.85928571428572
NOR,119.79726415094339,101.91670491803278
NOR,112.51954901960785,109.7893
NOR,100.18494339622642,102.9082641509434
NOR,91.26569354838709,88.29873015873015
NOR,93.41061403508772,91.7611724137931
NOR,102.87405357142858,107.3623396226415
NOR,109.23942,106.97414583333334
NOR,84.65811320754717,83.46286792452831
NOR,86.34253846153847,89.75318181818182
NOR,83.27002857142857,81.45301428571429
NOR,234.181,116.72688095238097
NOR,97.42567346938776,97.16343137254903
NOR,72.46455714285715,72.67512676056339
NOR,109.2475,112.13146341463415
NOR,113.00266666666666,99.4957
NOR,109.60720454545454,112.51954901960785
NOR,142.425,86.48874285714287
NOR,99.67572727272727,100.1001875
NOR,81.36471428571429,87.29060317460318
NOR,90.58950793650794,84.88364935064935
NOR,85.35922535211267,82.79681690140845
NOR,89.1795,91.20222641509433
NOR,93.65691836734695,97.42567346938776
NOR,98.51447272727273,103.68278947368421
NOR,75.63220833333334,80.757609375
NOR,97.62211290322581,97.23279032258064
NOR,100.1001875,99.22678
NOR,116.72688095238097,114.18565909090908
NOR,103.68278947368421,102.60676363636364
NOR,96.13953846153846,93.78873684210525
NOR,79.52652857142857,82.71164
NOR,89.75318181818182,81.66661538461538
NOR,76.36214102564102,90.58950793650794
NOR,71.19101408450705,72.46455714285715
NOR,85.08175714285714,86.34752857142857
NOR,90.65154385964912,86.56167307692309
NOR,91.20222641509433,87.58023529411764
NOR,82.71164,78.43897142857143
OCO,72.29222535211267,73.51067142857143
OCO,93.26954385964912,96.30915789473684
OCO,90.71469565217392,79.9153768115942
OCO,86.55755384615385,89.63442424242425
OCO,83.37353225806451,83.79018518518518
OCO,79.4767,83.5596338028169
OCO,102.65365853658537,99.94386885245902
OCO,85.62845614035088,103.84869811320755
OCO,81.01790909090909,81.39569696969697
OCO,84.21756410256411,
OCO,77.64812987012986,91.18044444444445
OCO,115.9874761904762,114.20838636363636
OCO,98.57027906976744,99.02940425531914
OCO,97.31054166666667,96.80141666666667
OCO,86.76811594202898,104.07300000000001
OCO,111.96647999999999,109.25804081632654
OCO,72.269338028169,73.00984057971014
OCO,81.39569696969697,84.99351515151515
OCO,114.20838636363636,110.21799999999999
OCO,91.86605172413793,86.74915384615385
OCO,95.52948,101.55108333333334
OCO,104.07300000000001,86.1292463768116
OCO,98.93751785714286,93.26954385964912
OCO,,72.29222535211267
OCO,99.02940425531914,97.4653469387755
OCO,85.20774285714286,77.35770422535211
OCO,89.63442424242425,81.01790909090909
OCO,84.15729411764706,86.76811594202898
OCO,103.03521052631578,102.91624390243902
OCO,77.35770422535211,82.27655555555556
OCO,101.1324423076923,103.00133962264151
OCO,91.18044444444445,84.21756410256411
OCO,95.15011111111112,99.15482
OCO,100.75993333333334,100.57202040816327
OCO,93.50573684210526,91.77851724137932
OCO,103.72374074074075,102.20007142857142
OCO,73.51067142857143,72.269338028169
OCO,98.86057142857143,101.46805263157894
OCO,120.56833333333334,111.96647999999999
OCO,82.93781428571428,81.42914285714285
OCO,89.10197435897436,86.41126923076924
OCO,81.42914285714285,90.71469565217392
OCO,101.55108333333334,95.15011111111112
OCO,86.41126923076924,84.73961538461539
OCO,110.88244897959183,108.07783333333333
OCO,79.07078260869565,88.32616417910448
OCO,102.17596078431373,101.82566666666668
OCO,86.1292463768116,83.57230434782608
OCO,87.07804285714285,83.85969014084507
OCO,86.7628,87.07804285714285
OCO,100.72718181818182,103.03521052631578
OCO,92.34016071428572,
OCO,90.6901568627451,91.24215094339623
OCO,102.91624390243902,98.86057142857143
OCO,110.21799999999999,114.4239268292683
OCO,91.24215094339623,89.10197435897436
OCO,127.64533333333334,102.65365853658537
OCO,86.74915384615385,85.62845614035088
OCO,97.4653469387755,97.31054166666667
OCO,107.64601886792452,108.07483333333334
OCO,111.05900000000001,102.17596078431373
OCO,106.166775,107.64601886792452
OCO,,79.21911688311688
OCO,99.15482,108.3108085106383
OCO,109.20296428571429,98.30348214285713
OCO,92.0426,89.36033870967742
OCO,109.25804081632654,110.88244897959183
OCO,85.02082857142857,86.7628
OCO,96.30915789473684,94.97531578947368
OCO,83.5596338028169,79.07078260869565
OCO,85.60655714285714,85.02082857142857
OCO,76.82345070422535,80.88736111111112
OCO,218.65,115.9874761904762
OCO,101.82566666666668,94.53624528301887
OCO,108.07483333333334,103.72374074074075
OCO,80.88736111111112,85.20774285714286
OCO,91.77851724137932,91.18960344827586
OCO,99.94386885245902,99.5
PER,99.14303773584906,101.12650000000001
PER,90.01012280701755,86.38034615384616
PER,90.96563793103448,90.32891379310345
PER,113.01715909090909,110.0053409090909
PER,97.5192909090909,92.34429824561404
PER,81.366,81.27680000000001
PER,245.276,114.24557142857144
PER,99.57042857142858,102.95580357142856
PER,102.12098214285713,103.41772
PER,94.24502083333334,93.86772916666666
PER,72.54640845070422,72.07704225352113
PER,97.55534042553191,94.24502083333334
PER,83.5890985915493,103.446
PER,90.14727450980394,91.20003773584905
PER,84.66052857142857,84.59687142857143
PER,88.69010606060606,80.51139393939394
PER,71.58391549295774,75.6965
PER,76.80956338028169,80.84640277777777
PER,102.49682142857144,101.15807407407408
PER,99.10040350877193,96.96840350877193
PER,110.04222,106.54489795918367
PER,89.4947741935484,86.59215789473684
PER,102.95580357142856,99.10040350877193
PER,83.49470422535211,78.7408
PER,84.49738571428571,76.18140277777778
PER,98.65038461538461,99.30128
PER,95.68369387755102,97.3095306122449
PER,101.3956304347826,99.78165999999999
PER,86.80798039215686,85.56367924528301
PER,91.86492727272727,90.96563793103448
PER,97.3095306122449,98.65038461538461
PER,103.41772,102.49682142857144
PER,86.59215789473684,
PER,75.6965,72.54640845070422
PER,103.446,87.55834285714286
PER,,85.59428571428572
PER,80.51139393939394,81.20834848484849
PER,103.10345901639344,99.29827868852459
PER,85.59428571428572,84.66052857142857
PER,106.54489795918367,108.59587755102041
PER,76.37576923076924,89.4947741935484
PER,117.18531372549019,103.10345901639344
PER,114.24557142857144,113.01715909090909
PER,91.20003773584905,86.80798039215686
PER,85.6265303030303,88.69010606060606
PER,78.63085915492958,83.49470422535211
PER,108.70920000000001,97.90370588235294
PER,78.7408,89.38244776119403
PER,92.34429824561404,95.86887719298245
PER,80.84640277777777,84.49738571428571
PER,83.6174366197183,83.5890985915493
PER,98.1371,97.55534042553191
PER,90.32891379310345,
PER,108.29547727272728,110.04222
PER,92.04198387096774,88.00814285714286
PER,86.38034615384616,84.19227586206897
PER,110.33820833333334,108.70920000000001
PER,81.27680000000001,91.81415999999999
PER,93.5850701754386,95.4564054054054
PIA,98.29667741935484,97.26633870967741
PIA,99.85790000000001,98.76094117647058
PIA,99.1983,94.4689375
PIA,85.1408,76.01188888888889
PIA,98.76094117647058,93.00211320754717
PIA,81.57752380952381,87.39928571428571
PIA,109.96768,108.49346
PIA,86.20743661971831,83.38928169014085
PIA,78.34866176470588,88.7619552238806
PIA,94.4689375,94.32264583333334
PIA,94.26341071428571,95.52126785714286
PIA,95.37476923076923,105.34128260869565
PIA,91.260625,94.76075
PIA,84.59228301886792,83.503320754717
PIA,90.58812068965517,90.98468965517242
PIA,108.49346,
PIA,76.01188888888889,82.08123611111111
PIA,101.22374545454545,101.247125
PIA,,109.05029545454545
PIA,105.9564,101.22374545454545
PIA,80.81798484848485,84.50568181818181
PIA,103.27576923076923,97.55831578947368
PIA,85.01722857142857,84.02841428571428
PIA,85.01219480519481,109.43609090909091
PIA,74.0025142857143,71.33385915492957
PIA,90.57489855072463,78.7828142857143
PIA,97.55831578947368,99.52437499999999
PIA,84.02841428571428,81.74184285714286
PIA,108.32136363636364,97.41117857142856
PIA,101.14095555555555,99.54668
PIA,88.06116,84.59228301886792
PIA,98.55219230769231,95.37476923076923
PIA,102.80545901639344,98.29667741935484
PIA,81.26484615384615,80.81798484848485
PIA,87.2793076923077,83.83815517241379
PIA,81.47784285714285,90.57489855072463
PIA,83.83815517241379,102.08446153846154
PIA,95.52126785714286,93.53661403508772
PIA,109.05029545454545,112.06253658536586
PIA,109.43609090909091,77.40385897435898
PIA,71.33385915492957,71.86268571428572
PIA,86.51551428571429,86.20743661971831
RIC,102.73939285714286,108.8837962962963
RIC,211.567,116.61833333333334
RIC,98.83997674418605,100.43224242424243
RIC,85.99071641791045,87.1354927536232
RIC,85.44250000000001,84.84665714285714
RIC,114.85275,110.27195454545455
RIC,94.11425,92.22727586206896
RIC,81.37783673469389,
RIC,87.77742857142857,88.48853333333334
RIC,77.04678873239436,81.11856944444445
RIC,71.75969014084507,72.5808
RIC,84.84665714285714,85.56749275362318
RIC,85.77951515151516,90.46387692307692
RIC,116.61833333333334,114.85275
RIC,92.00691935483871,89.18701639344263
RIC,110.86342222222223,111.50908
RIC,77.69901298701298,91.7627142857143
RIC,87.1354927536232,85.86798550724637
RIC,108.8837962962963,104.18570909090909
RIC,,78.25714492753623
RIC,93.9225306122449,98.92147999999999
RIC,98.8882909090909,103.65892982456141
RIC,100.40805660377359,103.06573584905661
RIC,92.22727586206896,91.01470689655173
RIC,85.86798550724637,85.50598550724636
RUS,98.97890196078431,93.2895283018868
RUS,96.11142424242425,108.34195744680851
RUS,89.93867307692307,87.04256862745099
RUS,92.83280701754387,96.22219298245614
RUS,86.34620289855073,84.03042253521127
RUS,90.06177192982456,93.6108
RUS,100.41562,98.97890196078431
RUS,98.60662903225806,97.13495161290322
RUS,86.8684923076923,88.9909393939394
RUS,209.066,114.59483333333334
RUS,84.40082051282052,109.69736363636363
RUS,114.59483333333334,113.94434090909091
RUS,76.2518888888889,82.15976388888889
RUS,109.12790000000001,106.4565625
RUS,85.97656338028169,83.50508450704226
RUS,80.65061111111112,85.50315714285713
RUS,107.59704166666667,109.12790000000001
RUS,124.81076923076922,101.96138333333333
RUS,107.98790909090908,97.60933928571428
RUS,78.19201449275361,80.65061111111112
RUS,84.63367142857143,82.04495714285714
RUS,83.29639436619718,80.73069642857142
RUS,96.22219298245614,94.1970350877193
RUS,86.48937142857143,85.97656338028169
RUS,90.55827536231884,78.75268571428572
RUS,99.87033333333333,97.39526315789473
RUS,102.61358928571428,102.10569090909091
RUS,90.68282352941178,89.93867307692307
RUS,84.03042253521127,86.48937142857143
RUS,100.76098181818182,102.04010714285714
RUS,95.16035416666666,94.75318750000001
RUS,82.10168253968254,87.54338095238096
RUS,109.02363636363636,113.06241463414635
RUS,104.32752,102.61358928571428
RUS,104.39547272727273,104.32752
RUS,111.73620833333332,100.41562
RUS,92.86468421052632,96.04257894736841
RUS,93.6108,83.65596428571429
RUS,101.98156666666667,88.42050793650795
RUS,83.65596428571429,103.68633962264151
RUS,80.01341428571429,83.29639436619718
RUS,80.4595303030303,80.64465151515151
RUS,102.04010714285714,99.87033333333333
RUS,87.04256862745099,85.29135849056604
RUS,80.73069642857142,88.5075223880597
RUS,90.65820634920634,84.40082051282052
RUS,80.64465151515151,84.67778787878788
RUS,98.61815384615385,96.11142424242425
RUS,97.39526315789473,99.94875
RUS,71.30701408450705,72.71555714285714
RUS,91.41037931034482,90.39572413793104
RUS,110.54700000000001,107.59704166666667
RUS,85.50315714285713,76.2518888888889
RUS,85.0637,84.63367142857143
RUS,98.0222340425532,95.16035416666666
RUS,102.10569090909091,101.31458928571429
RUS,95.7386530612245,
RUS,72.16027142857143,72.15892957746479
RUS,97.76987272727273,92.83280701754387
RUS,90.39572413793104,90.18670689655173
RUS,113.94434090909091,109.02363636363636
RUS,109.69736363636363,79.83798684210527
RUS,88.9909393939394,80.4595303030303
RUS,85.29135849056604,83.7208679245283
RUS,101.03498076923077,101.07917307692308
RUS,72.98605633802818,71.30701408450705
RUS,101.96138333333333,98.60662903225806
RUS,100.39648888888888,98.51938
RUS,85.31989705882353,85.54641428571428
RUS,,98.61815384615385
RUS,80.17984615384616,90.55827536231884
RUS,106.90781818181819,98.0222340425532
RUS,72.15892957746479,72.98605633802818
RUS,92.18372,91.41037931034482
RUS,94.75318750000001,94.93283333333333
RUS,82.77242857142856,80.17984615384616
RUS,78.03403896103896,90.65820634920634
RUS,85.54641428571428,85.0637
RUS,111.72859090909091,110.54700000000001
SAI,71.71390140845071,71.16046428571428
SAI,99.83923214285714,102.79266666666666
SAI,78.93827142857143,90.71438888888889
SAI,91.41970175438595,89.64005172413792
SAI,83.22143103448276,
SAI,81.70757142857143,87.55709523809523
SAI,94.96722,94.32280851063828
SAI,85.29295774647888,83.79301492537313
SAI,76.80135211267606,80.81512500000001
SAI,110.06727272727272,109.80575
SAI,76.22805128205128,89.51753225806452
SAI,101.91695652173914,98.7575
SAI,109.48668831168831,79.59309210526315
SAI,98.13513725490196,94.36060377358491
SAI,97.01494736842105,102.38295454545455
SAI,91.44651612903226,
SAI,223.237,114.3909761904762
SAI,84.40711764705883,85.57844285714286
SAI,99.9977962962963,101.888
SAI,85.79318181818182,89.17701515151515
SAI,107.08585185185186,98.77523214285713
SAI,100.85107547169811,102.4713962264151
SAI,95.81198245614036,94.59936842105263
SAI,91.22079310344827,91.41970175438595
SAI,86.09380769230769,83.22143103448276
SAI,102.79266666666666,99.73312280701755
SAI,93.49168965517241,91.22079310344827
SAI,82.61071428571428,80.85554285714285
SAI,98.77665384615385,96.04571153846155
SAI,86.90854901960785,84.83675471698113
SAI,72.60540845070423,71.37085915492958
SAI,118.13227450980392,100.9673
SAI,106.84575,108.60751020408163
SAI,84.83675471698113,84.3168679245283
SAI,97.14925531914895,97.04638775510205
SAI,80.77659090909091,84.94975757575757
SAI,84.59154285714287,76.07855555555555
SAI,114.3909761904762,117.12369565217391
SAI,117.12369565217391,109.47352272727272
SAI,80.66118181818182,80.77659090909091
SAI,84.40054411764706,85.29295774647888
SAI,91.1806037735849,86.90854901960785
SAI,99.028,86.09380769230769
SAI,108.60751020408163,106.46104166666667
SAI,97.43456363636363,92.9079298245614
SAI,109.80575,106.84575
SAI,92.9079298245614,95.81198245614036
SAI,80.81512500000001,84.59154285714287
SAI,96.04571153846155,108.56846808510637
SAI,85.13867142857143,84.35802857142858
SAI,89.17701515151515,80.66118181818182
SAI,71.37085915492958,
SAI,76.07855555555555,82.32256944444445
SAI,109.47352272727272,114.71636585365854
SAI,100.9673,99.17112903225807
SAI,89.51753225806452,84.55603846153846
SAI,100.03690909090909,97.14925531914895
SAI,99.73312280701755,97.01494736842105
SAI,84.55603846153846,109.48668831168831
SAI,102.858875,115.016
SAI,84.5930857142857,84.15284507042253
SAI,80.85554285714285,91.58449019607843
SAI,71.16046428571428,72.60540845070423
SAI,102.43742857142857,99.9977962962963
SAI,84.35802857142858,83.3993768115942
SAI,83.35345070422535,78.93827142857143
SAI,84.15284507042253,84.40054411764706
SAI,100.17446,98.13513725490196
SAI,115.016,102.43742857142857
SAI,90.48729411764705,91.1806037735849
SAI,91.58449019607843,79.92136231884058
SAI,94.32280851063828,98.77665384615385
SAI,,100.17446
SAI,85.57844285714286,85.13867142857143
SAI,78.79818309859155,83.35345070422535
SAI,99.17112903225807,98.90362295081967
SAR,94.51123214285714,95.68666666666667
SAR,98.85711538461538,96.84651923076923
SAR,81.9941076923077,82.892078125
SAR,86.90740789473683,113.21815789473685
SAR,73.5713,73.46531884057971
SAR,114.88468181818183,110.97947727272727
SAR,108.36521052631578,102.58435294117646
SAR,100.67628571428573,99.32735185185184
SAR,93.03057142857143,77.60645070422535
SAR,99.22373999999999,97.34937500000001
SAR,81.67866666666667,93.0379090909091
SAR,86.40632835820895,86.00840579710145
STR,116.62254761904762,114.31340909090909
STR,80.78247169811321,113.17790789473685
STR,84.82870689655172,104.73012962962963
STR,77.16879220779221,91.49133333333333
STR,86.88049275362319,85.55433333333333
STR,77.46738571428571,80.906
STR,82.616,87.71733333333333
STR,86.64103076923078,90.8124
STR,92.11801724137932,91.00441379310345
STR,96.40436842105264,95.65623214285714
STR,85.14235714285715,82.70578571428571
STR,83.62811267605633,78.8465
STR,99.8462807017544,98.20978947368421
STR,100.18946428571428,103.49924561403509
STR,85.52402857142857,87.45212307692307
STR,108.42915789473685,103.03675
STR,97.324,97.1216
STR,93.38587719298245,96.40436842105264
STR,113.05987499999999,104.8075294117647
STR,110.45570454545455,114.37717073170731
STR,92.33852459016393,89.31093548387098
STR,107.0551875,111.13511111111112
STR,105.80332075471698,98.66482142857141
STR,86.8696,84.08012857142857
STR,96.22361538461539,107.02754347826087
STR,101.2988431372549,94.99830769230769
STR,89.49110256410256,88.35495999999999
STR,80.906,85.59101428571428
STR,86.12126923076923,84.82870689655172
STR,80.92818181818183,81.93044615384616
STR,73.13591549295774,72.47188571428572
STR,76.98916901408451,82.21313888888888
STR,95.45263999999999,99.86974509803922
STR,72.47188571428572,73.3645652173913
STR,103.49924561403509,99.8462807017544
STR,101.58449999999999,100.20142
STR,95.1811754385965,92.11801724137932
STR,88.35495999999999,87.00451923076922
STR,102.07802222222223,101.48385106382979
STR,111.13511111111112,108.378
STR,82.16448936170214,83.62811267605633
STR,,86.88049275362319
STR,102.34162264150943,102.05248214285714
STR,78.8465,
STR,85.89908695652174,85.52402857142857
STR,90.70246376811595,80.0253768115942
STR,113.17790789473685,80.31892105263158
STR,93.52315789473684,121.44524999999999
STR,87.45212307692307,86.8696
STR,104.28714545454545,108.42915789473685
STR,241.179,116.62254761904762
STR,90.61945098039214,89.49110256410256
STR,103.03675,102.34162264150943
STR,100.00232786885246,99.12880327868852
STR,104.8075294117647,101.2988431372549
STR,91.2201052631579,86.12126923076923
STR,101.48385106382979,97.324
STR,99.08,93.38587719298245
STR,72.76841428571429,73.13591549295774
STR,108.1124827586207,113.46486666666667
STR,97.1216,96.80714893617021
STR,99.86974509803922,98.83501923076923
STR,81.46785714285714,90.70246376811595
STR,83.14255714285714,81.46785714285714
STR,113.46486666666667,107.0551875
STR,98.20978947368421,100.934
STR,100.71162264150944,103.10681132075472
STR,91.49133333333333,80.78247169811321
STR,114.31340909090909,110.45570454545455
STR,98.83501923076923,96.22361538461539
STR,85.59101428571428,76.98916901408451
STR,72.33742857142857,72.76841428571429
STR,85.55433333333333,85.14235714285715
STR,87.00451923076922,84.87742307692308
STR,91.00441379310345,91.34673684210526
STR,90.8124,80.92818181818183
TSU,82.95335483870969,87.6134126984127
TSU,110.76765909090909,114.08439024390243
TSU,72.51347142857144,73.9804705882353
TSU,85.13211428571428,83.59672463768116
TSU,99.36660655737705,99.0432131147541
TSU,115.90364285714286,106.92245833333334
TSU,77.615,82.27008333333333
TSU,102.00133962264151,101.65848214285714
TSU,90.95271428571428,84.6231320754717
TSU,96.6608076923077,110.05676086956521
TSU,82.52509230769232,84.9423787878788
TSU,112.1433896103896,80.33805263157895
TSU,91.10023188405798,79.97310144927536
TSU,,83.91016901408452
TSU,96.07124561403508,94.7547543859649
TSU,96.49224074074074,93.3780701754386
TSU,86.04638157894736,112.1433896103896
TSU,81.03569696969697,82.52509230769232
TSU,81.59672857142857,91.10023188405798
TSU,91.47360714285715,87.79834615384615
TSU,103.0521052631579,100.48431578947368
TSU,73.9782857142857,72.51347142857144
TSU,93.50063793103449,92.3325
TSU,99.00313461538462,96.6608076923077
TSU,113.056625,101.43257142857142
TSU,80.10931428571429,84.94778571428571
TSU,114.33343181818182,110.76765909090909
TSU,,85.62700000000001
TSU,85.57545714285715,77.615
TSU,103.81965454545455,107.70283018867924
TSU,90.01723076923076,81.03569696969697
TSU,,90.95271428571428
TSU,93.3780701754386,96.07124561403508
TSU,109.88802,115.90364285714286
TSU,92.86290384615384,
TSU,107.70283018867924,103.49548214285714
TSU,78.55780952380952,85.57545714285715
TSU,85.62700000000001,87.05701428571429
TSU,116.85340476190476,114.33343181818182
TSU,84.94778571428571,78.84042857142857
TSU,88.65795588235294,86.08952173913043
TSU,92.3325,90.78813793103447
TSU,72.92074285714286,73.9782857142857
TSU,100.48431578947368,98.46828571428571
TSU,101.23160784313725,99.00313461538462
TSU,97.75483673469388,97.27591666666666
TSU,81.89663829787234,81.59672857142857
TSU,87.79834615384615,84.86972413793104
TSU,112.31530612244897,109.88802
TSU,92.49062903225806,86.04638157894736
TSU,,92.86290384615384
TSU,86.08952173913043,85.13211428571428
TSU,78.26412499999999,78.55780952380952
TSU,72.24231428571427,72.92074285714286
TSU,78.84042857142857,88.80149253731344
TSU,101.11809615384615,104.39570588235293
TSU,109.30702272727272,112.31530612244897
TSU,105.02797674418606,99.77554
TSU,78.05797402597402,92.49062903225806
TSU,90.78813793103447,91.3689298245614
TSU,98.46828571428571,100.58903571428571
TSU,88.1965,90.01723076923076
TSU,97.27591666666666,165.662
TSU,84.86972413793104,104.08569811320756
TSU,92.78165573770491,88.71580952380953
TSU,100.2397,94.06384905660377
TSU,111.04673076923078,99.60976363636364
TSU,100.17123214285714,103.0521052631579
TSU,87.05701428571429,
TSU,95.44432,101.23160784313725
TSU,126.81873333333333,
TSU,85.31864705882353,88.65795588235294
TSU,,99.36660655737705
TSU,103.49548214285714,102.00133962264151
TSU,235.4,116.85340476190476
TSU,94.07367857142857,96.9547894736842
TSU,101.43257142857142,100.2397
VER,71.34991549295775,72.30432394366197
VER,78.21615492957746,83.43802816901409
VER,85.37017142857144,84.12334285714286
VER,83.36740845070423,83.33421126760564
VER,84.90183333333333,88.49204545454546
VER,114.1045,112.51022727272726
VER,96.88470212765958,94.92664583333334
VER,75.07493055555557,79.55160563380281
VER,90.0299677419355,87.74580952380953
VER,75.95020833333334,82.0988888888889
VER,79.55160563380281,84.77281690140845
VER,101.36699999999999,102.95738
VER,91.08511320754717,86.68907843137255
VER,120.41553846153846,102.40618032786885
VER,207.071,114.1045
VER,76.11307692307692,89.52037096774194
VER,86.13180281690141,83.23412676056337
VER,,97.74702040816327
VER,102.75343396226415,98.89010526315789
VER,85.29720588235294,85.37017142857144
VER,91.534,85.46938461538463
VER,109.06310204081632,106.05877083333333
VER,94.91677358490566,92.24984210526316
VER,70.90905633802817,71.34991549295775
VER,92.4019298245614,90.79162068965516
VER,88.49204545454546,79.96878787878788
VER,88.54992,91.08511320754717
VER,98.9767924528302,99.86735294117646
VER,97.68348837209304,96.88470212765958
VER,109.64182000000001,105.89039583333334
VER,107.44317073170731,109.64182000000001
VER,85.25771698113206,83.10047169811321
VER,100.18392592592592,100.71716071428571
VER,97.95993548387096,97.2225322580645
VER,82.59652857142856,80.54782857142857
VER,97.74702040816327,96.8326862745098
VER,89.52037096774194,83.74333333333333
VER,109.07429166666667,99.06016
VER,81.35320634920636,87.19363492063492
VER,79.96878787878788,80.3064696969697
VER,80.54782857142857,90.47730434782609
VER,72.30432394366197,71.69085915492958
VER,71.69085915492958,
VER,96.8326862745098,95.16392307692308
VER,84.12334285714286,84.3334
VER,112.51022727272726,109.23331818181818
VER,84.77281690140845,75.95020833333334
VER,86.68907843137255,85.25771698113206
VER,80.3064696969697,84.68486363636363
VER,102.40618032786885,97.95993548387096
VER,99.06016,97.63750980392156
VER,95.16392307692308,106.5866304347826
VER,91.17873214285714,91.00656603773585
VER,90.47730434782609,78.75594285714286
VER,83.6025882352941,86.13180281690141
VER,78.33891428571428,88.0506119402985
VER,99.95786666666667,98.85102
VER,109.76576623376623,77.62070512820513
VER,90.04524137931034,90.39893103448276
VER,96.57442105263158,101.29526315789474
VER,93.60822916666666,94.35722916666667
VER,84.89066666666666,103.34115094339623
VER,97.63750980392156,92.96194339622642
VER,105.23545283018868,97.70860714285713
VER,94.68669642857142,94.23759649122806
VER,102.16717857142858,100.18392592592592
VER,83.74333333333333,109.76576623376623
VER,97.5752909090909,102.75343396226415
VER,83.43802816901409,78.33891428571428
VER,94.92664583333334,93.60822916666666
VER,98.89010526315789,96.57442105263158
VER,85.46938461538463,84.89066666666666
VER,90.79162068965516,90.04524137931034
VER,84.3334,82.76965714285714
VER,102.95738,102.16717857142858
VER,83.33421126760564,83.6025882352941
VER,109.23331818181818,112.67973170731706
VER,92.24984210526316,94.68669642857142
VER,105.89039583333334,109.06310204081632
VET,86.72378461538462,90.26304615384615
VET,84.70205714285714,85.37467142857143
VET,79.54492857142857,83.66516901408451
VET,100.47992452830188,102.03311538461539
VET,92.04692307692306,88.8225
VET,109.01661363636363,111.56998
VET,95.6275945945946,98.75674000000001
VET,214.55,115.89685714285713
VET,72.20415942028986,72.87348571428572
VET,76.78732051282051,91.68304761904763
VET,84.20141176470588,86.7701884057971
VET,77.49915714285714,81.02472222222222
VET,94.40061016949151,88.87107936507935
VET,93.58505263157895,92.23813793103449
VET,103.85670909090909,104.4283
ZHO,83.70942253521126,85.58071428571428
ZHO,87.06287142857143,87.39317142857142
ZHO,93.62598245614036,96.4886842105263
ZHO,85.58071428571428,90.41636363636363
ZHO,104.08978181818182,104.7068909090909
ZHO,101.77435555555554,100.00108
ZHO,85.32515714285715,87.06287142857143
ZHO,91.587,91.41394736842106
ZHO,108.41075925925925,104.08978181818182
ZHO,81.11240277777777,84.21516129032258
ZHO,91.23435849056604,88.27812
ZHO,114.03075,101.66618367346939
ZHO,116.79599999999999,114.6793409090909
ZHO,87.14676811594204,86.21920289855072
ZHO,103.68568852459016,100.16050819672131
ZHO,92.71866666666666,91.587
ZHO,91.98467857142857,81.05784848484849
ZHO,110.37823529411764,110.67104081632654
ZHO,102.17216666666667,93.62598245614036
ZHO,85.76405194805196,113.82650000000001
ZHO,92.21108620689655,87.85013461538462
ZHO,81.05784848484849,81.78004615384616
ZHO,87.85013461538462,85.45852631578948
ZHO,81.96702898550726,92.32194117647059
ZHO,99.54617021276596,99.01907999999999
ZHO,114.38252173913042,110.37823529411764
ZHO,73.68914285714285,72.96685714285715
ZHO,93.60166666666667,96.32777192982456
ZHO,102.16107142857143,101.36401785714285
ZHO,129.93333333333334,103.68568852459016
ZHO,82.98155714285714,81.96702898550726
ZHO,86.21920289855072,86.16792753623189
ZHO,114.6793409090909,119.80725000000001
ZHO,84.21516129032258,78.30768571428571
ZHO,101.36401785714285,98.41966071428571
ZHO,,98.97611538461538
ZHO,88.27812,86.93811538461539
ZHO,72.79301428571429,73.68914285714285
ZHO,92.12858064516129,85.76405194805196
ZHO,101.66618367346939,115.40627272727274
ZHO,99.01907999999999,98.04847916666667
ZHO,98.97611538461538,100.0307
