Driver,PrevLapTimeSeconds,CurrentLapTimeSeconds,EventName,PrevSeason,CurrentSeason,CurrentGridPosition
ALO,102.29045161290323,103.08726315789474,Bahrain Grand Prix,2021,2022,8
BOT,98.31056363636364,102.97724561403508,Bahrain Grand Prix,2021,2022,6
GAS,100.18149019607844,100.78102272727273,Bahrain Grand Prix,2021,2022,10
HAM,97.5862,102.86419298245615,Bahrain Grand Prix,2021,2022,5
LAT,102.55860784313725,103.77857894736842,Bahrain Grand Prix,2021,2022,20
LEC,98.68725454545455,100.69770909090909,Bahrain Grand Prix,2021,2022,1
MSC,101.83098181818181,103.26592982456141,Bahrain Grand Prix,2021,2022,12
NOR,98.51447272727273,103.68278947368421,Bahrain Grand Prix,2021,2022,13
OCO,100.72718181818182,103.03521052631578,Bahrain Grand Prix,2021,2022,11
PER,99.57042857142858,102.95580357142856,Bahrain Grand Prix,2021,2022,4
RIC,98.8882909090909,103.65892982456141,Bahrain Grand Prix,2021,2022,18
RUS,100.76098181818182,102.04010714285714,Bahrain Grand Prix,2021,2022,9
SAI,99.83923214285714,102.79266666666666,Bahrain Grand Prix,2021,2022,3
STR,100.18946428571428,103.49924561403509,Bahrain Grand Prix,2021,2022,19
TSU,100.17123214285714,103.0521052631579,Bahrain Grand Prix,2021,2022,16
VER,97.5752909090909,102.75343396226415,Bahrain Grand Prix,2021,2022,2
ALO,92.93013114754099,124.15316666666666,Emilia Romagna Grand Prix,2021,2022,9
BOT,101.96483333333335,88.43122222222223,Emilia Romagna Grand Prix,2021,2022,7
GAS,93.36167213114754,88.38901639344262,Emilia Romagna Grand Prix,2021,2022,17
HAM,89.36118644067797,89.4075,Emilia Romagna Grand Prix,2021,2022,14
LEC,90.71095161290322,88.63584126984126,Emilia Romagna Grand Prix,2021,2022,2
MSC,94.37689830508475,88.87654098360656,Emilia Romagna Grand Prix,2021,2022,10
NOR,91.26569354838709,88.29873015873015,Emilia Romagna Grand Prix,2021,2022,5
OCO,92.0426,89.36033870967742,Emilia Romagna Grand Prix,2021,2022,16
PER,92.04198387096774,88.00814285714286,Emilia Romagna Grand Prix,2021,2022,3
RIC,92.00691935483871,89.18701639344263,Emilia Romagna Grand Prix,2021,2022,6
RUS,101.98156666666667,88.42050793650795,Emilia Romagna Grand Prix,2021,2022,11
STR,92.33852459016393,89.31093548387098,Emilia Romagna Grand Prix,2021,2022,15
TSU,92.78165573770491,88.71580952380953,Emilia Romagna Grand Prix,2021,2022,12
VER,90.0299677419355,87.74580952380953,Emilia Romagna Grand Prix,2021,2022,1
VET,94.40061016949151,88.87107936507935,Emilia Romagna Grand Prix,2021,2022,13
ALO,87.04913846153846,89.9588,Spanish Grand Prix,2021,2022,20
BOT,85.065,89.40077272727272,Spanish Grand Prix,2021,2022,7
GAS,86.56047692307692,90.48341538461538,Spanish Grand Prix,2021,2022,14
HAM,84.66181818181819,89.31831818181819,Spanish Grand Prix,2021,2022,6
LAT,87.04418461538462,91.327046875,Spanish Grand Prix,2021,2022,19
LEC,85.48933333333333,89.69103703703703,Spanish Grand Prix,2021,2022,1
MSC,87.3655,90.52181538461538,Spanish Grand Prix,2021,2022,10
NOR,86.34253846153847,89.75318181818182,Spanish Grand Prix,2021,2022,11
OCO,86.55755384615385,89.63442424242425,Spanish Grand Prix,2021,2022,12
PER,85.6265303030303,88.69010606060606,Spanish Grand Prix,2021,2022,5
RIC,85.77951515151516,90.46387692307692,Spanish Grand Prix,2021,2022,9
RUS,86.8684923076923,88.9909393939394,Spanish Grand Prix,2021,2022,4
SAI,85.79318181818182,89.17701515151515,Spanish Grand Prix,2021,2022,3
STR,86.64103076923078,90.8124,Spanish Grand Prix,2021,2022,17
TSU,88.1965,90.01723076923076,Spanish Grand Prix,2021,2022,13
VER,84.90183333333333,88.49204545454546,Spanish Grand Prix,2021,2022,2
VET,86.72378461538462,90.26304615384615,Spanish Grand Prix,2021,2022,16
ALO,77.70535064935065,91.13414285714286,Monaco Grand Prix,2021,2022,7
BOT,76.79299999999999,91.48973015873015,Monaco Grand Prix,2021,2022,12
GAS,76.80405128205129,90.65195161290323,Monaco Grand Prix,2021,2022,17
HAM,76.98783333333334,91.15574603174603,Monaco Grand Prix,2021,2022,8
LAT,78.04811688311688,92.03032258064516,Monaco Grand Prix,2021,2022,19
MSC,79.68425333333334,103.64608333333332,Monaco Grand Prix,2021,2022,15
NOR,76.36214102564102,90.58950793650794,Monaco Grand Prix,2021,2022,5
OCO,77.64812987012986,91.18044444444445,Monaco Grand Prix,2021,2022,10
PER,76.37576923076924,89.4947741935484,Monaco Grand Prix,2021,2022,3
RIC,77.69901298701298,91.7627142857143,Monaco Grand Prix,2021,2022,14
RUS,78.03403896103896,90.65820634920634,Monaco Grand Prix,2021,2022,6
SAI,76.22805128205128,89.51753225806452,Monaco Grand Prix,2021,2022,2
STR,77.16879220779221,91.49133333333333,Monaco Grand Prix,2021,2022,18
TSU,78.05797402597402,92.49062903225806,Monaco Grand Prix,2021,2022,11
VER,76.11307692307692,89.52037096774194,Monaco Grand Prix,2021,2022,4
VET,76.78732051282051,91.68304761904763,Monaco Grand Prix,2021,2022,9
ALO,112.03967391304347,111.64402,Azerbaijan Grand Prix,2021,2022,10
BOT,109.6235,111.45539583333334,Azerbaijan Grand Prix,2021,2022,15
GAS,108.98313636363636,111.43078,Azerbaijan Grand Prix,2021,2022,6
HAM,108.56404545454546,111.07112,Azerbaijan Grand Prix,2021,2022,7
LAT,112.04052173913043,114.20869387755101,Azerbaijan Grand Prix,2021,2022,18
LEC,109.1019090909091,112.38645,Azerbaijan Grand Prix,2021,2022,1
MSC,112.25644444444444,113.07691836734695,Azerbaijan Grand Prix,2021,2022,20
NOR,109.60720454545454,112.51954901960785,Azerbaijan Grand Prix,2021,2022,11
OCO,120.56833333333334,111.96647999999999,Azerbaijan Grand Prix,2021,2022,13
PER,108.29547727272728,110.04222,Azerbaijan Grand Prix,2021,2022,2
RIC,110.86342222222223,111.50908,Azerbaijan Grand Prix,2021,2022,12
RUS,111.72859090909091,110.54700000000001,Azerbaijan Grand Prix,2021,2022,5
SAI,110.06727272727272,109.80575,Azerbaijan Grand Prix,2021,2022,4
STR,108.1124827586207,113.46486666666667,Azerbaijan Grand Prix,2021,2022,19
TSU,109.30702272727272,112.31530612244897,Azerbaijan Grand Prix,2021,2022,8
VER,107.44317073170731,109.64182000000001,Azerbaijan Grand Prix,2021,2022,3
VET,109.01661363636363,111.56998,Azerbaijan Grand Prix,2021,2022,9
ALO,100.4427358490566,101.75509615384615,French Grand Prix,2021,2022,7
BOT,99.25260377358491,103.37316981132076,French Grand Prix,2021,2022,11
GAS,100.422,103.16150943396227,French Grand Prix,2021,2022,14
HAM,99.03158490566038,100.92076923076924,French Grand Prix,2021,2022,4
LAT,101.33117307692306,103.61005128205127,French Grand Prix,2021,2022,18
LEC,101.28161538461539,99.11423529411765,French Grand Prix,2021,2022,1
MSC,101.92128846153847,103.44350943396228,French Grand Prix,2021,2022,17
NOR,100.18494339622642,102.9082641509434,French Grand Prix,2021,2022,5
OCO,101.1324423076923,103.00133962264151,French Grand Prix,2021,2022,10
PER,99.14303773584906,101.12650000000001,French Grand Prix,2021,2022,3
RIC,100.40805660377359,103.06573584905661,French Grand Prix,2021,2022,9
RUS,101.03498076923077,101.07917307692308,French Grand Prix,2021,2022,6
SAI,100.85107547169811,102.4713962264151,French Grand Prix,2021,2022,19
STR,100.71162264150944,103.10681132075472,French Grand Prix,2021,2022,15
TSU,101.11809615384615,104.39570588235293,French Grand Prix,2021,2022,8
VER,98.9767924528302,99.86735294117646,French Grand Prix,2021,2022,2
VET,100.47992452830188,102.03311538461539,French Grand Prix,2021,2022,12
ALO,72.07981428571428,72.61052857142857,Austrian Grand Prix,2021,2022,19
GAS,71.78009859154929,72.82454285714286,Austrian Grand Prix,2021,2022,14
HAM,71.56330985915493,71.90885915492959,Austrian Grand Prix,2021,2022,8
LAT,72.54062857142857,73.47295833333334,Austrian Grand Prix,2021,2022,17
LEC,71.77095774647887,71.32833802816901,Austrian Grand Prix,2021,2022,2
MSC,73.05082608695652,72.42302857142857,Austrian Grand Prix,2021,2022,9
NOR,71.19101408450705,72.46455714285715,Austrian Grand Prix,2021,2022,10
PER,71.58391549295774,75.6965,Austrian Grand Prix,2021,2022,5
RIC,71.75969014084507,72.5808,Austrian Grand Prix,2021,2022,11
RUS,72.16027142857143,72.15892957746479,Austrian Grand Prix,2021,2022,4
SAI,71.71390140845071,71.16046428571428,Austrian Grand Prix,2021,2022,3
STR,72.33742857142857,72.76841428571429,Austrian Grand Prix,2021,2022,12
TSU,72.24231428571427,72.92074285714286,Austrian Grand Prix,2021,2022,16
VER,70.90905633802817,71.34991549295775,Austrian Grand Prix,2021,2022,1
VET,72.20415942028986,72.87348571428572,Austrian Grand Prix,2021,2022,18
ALO,95.56702,98.37809999999999,British Grand Prix,2021,2022,7
BOT,93.23591836734694,101.37231578947369,British Grand Prix,2021,2022,12
GAS,95.58684,100.90948,British Grand Prix,2021,2022,11
HAM,93.03512244897958,95.492125,British Grand Prix,2021,2022,5
LAT,95.7654693877551,100.08972549019607,British Grand Prix,2021,2022,10
LEC,93.07944897959183,95.70135416666666,British Grand Prix,2021,2022,3
MSC,97.09667346938775,98.78227999999999,British Grand Prix,2021,2022,19
NOR,93.65691836734695,97.42567346938776,British Grand Prix,2021,2022,6
OCO,95.52948,101.55108333333334,British Grand Prix,2021,2022,15
PER,95.68369387755102,97.3095306122449,British Grand Prix,2021,2022,4
RIC,93.9225306122449,98.92147999999999,British Grand Prix,2021,2022,14
SAI,94.96722,94.32280851063828,British Grand Prix,2021,2022,1
STR,95.45263999999999,99.86974509803922,British Grand Prix,2021,2022,20
TSU,95.44432,101.23160784313725,British Grand Prix,2021,2022,13
VET,95.6275945945946,98.75674000000001,British Grand Prix,2021,2022,18
ALO,84.37027941176471,86.72646376811595,Hungarian Grand Prix,2021,2022,6
HAM,83.97120588235295,85.48208571428572,Hungarian Grand Prix,2021,2022,7
LAT,85.35536764705883,87.75230434782608,Hungarian Grand Prix,2021,2022,19
MSC,86.0221343283582,87.15092753623188,Hungarian Grand Prix,2021,2022,15
NOR,142.425,86.48874285714287,Hungarian Grand Prix,2021,2022,4
OCO,84.15729411764706,86.76811594202898,Hungarian Grand Prix,2021,2022,5
RIC,85.99071641791045,87.1354927536232,Hungarian Grand Prix,2021,2022,9
RUS,85.31989705882353,85.54641428571428,Hungarian Grand Prix,2021,2022,1
SAI,84.40711764705883,85.57844285714286,Hungarian Grand Prix,2021,2022,2
TSU,85.31864705882353,88.65795588235294,Hungarian Grand Prix,2021,2022,16
VER,85.29720588235294,85.37017142857144,Hungarian Grand Prix,2021,2022,10
VET,84.20141176470588,86.7701884057971,Hungarian Grand Prix,2021,2022,18
ALO,227.661,115.7175,Belgian Grand Prix,2021,2022,3
BOT,229.485,125.651,Belgian Grand Prix,2021,2022,13
LAT,222.556,116.503675,Belgian Grand Prix,2021,2022,11
LEC,219.679,115.6982380952381,Belgian Grand Prix,2021,2022,15
MSC,236.578,117.15739024390246,Belgian Grand Prix,2021,2022,19
NOR,234.181,116.72688095238097,Belgian Grand Prix,2021,2022,17
OCO,218.65,115.9874761904762,Belgian Grand Prix,2021,2022,16
PER,245.276,114.24557142857144,Belgian Grand Prix,2021,2022,2
RIC,211.567,116.61833333333334,Belgian Grand Prix,2021,2022,7
RUS,209.066,114.59483333333334,Belgian Grand Prix,2021,2022,5
SAI,223.237,114.3909761904762,Belgian Grand Prix,2021,2022,1
STR,241.179,116.62254761904762,Belgian Grand Prix,2021,2022,9
VER,207.071,114.1045,Belgian Grand Prix,2021,2022,14
VET,214.55,115.89685714285713,Belgian Grand Prix,2021,2022,10
ALO,76.77273239436619,80.85454166666666,Dutch Grand Prix,2021,2022,13
BOT,75.85909722222222,80.00898113207546,Dutch Grand Prix,2021,2022,16
GAS,76.29835211267606,80.96919444444444,Dutch Grand Prix,2021,2022,11
HAM,75.36565277777778,80.77484722222222,Dutch Grand Prix,2021,2022,4
LAT,78.11064285714285,81.27287142857142,Dutch Grand Prix,2021,2022,20
LEC,76.36866197183099,80.74586111111111,Dutch Grand Prix,2021,2022,2
MSC,79.24921739130434,81.05233333333334,Dutch Grand Prix,2021,2022,8
NOR,76.8693661971831,80.86220833333333,Dutch Grand Prix,2021,2022,7
OCO,76.82345070422535,80.88736111111112,Dutch Grand Prix,2021,2022,12
PER,76.80956338028169,80.84640277777777,Dutch Grand Prix,2021,2022,5
RIC,77.04678873239436,81.11856944444445,Dutch Grand Prix,2021,2022,17
RUS,78.19201449275361,80.65061111111112,Dutch Grand Prix,2021,2022,6
SAI,76.80135211267606,80.81512500000001,Dutch Grand Prix,2021,2022,3
STR,77.46738571428571,80.906,Dutch Grand Prix,2021,2022,10
TSU,78.26412499999999,78.55780952380952,Dutch Grand Prix,2021,2022,9
VER,75.07493055555557,79.55160563380281,Dutch Grand Prix,2021,2022,1
VET,77.49915714285714,81.02472222222222,Dutch Grand Prix,2021,2022,19
ALO,90.6776862745098,88.78448387096775,Italian Grand Prix,2021,2022,6
BOT,90.3833137254902,92.84476923076923,Italian Grand Prix,2021,2022,15
GAS,106.783,91.2057924528302,Italian Grand Prix,2021,2022,5
HAM,87.6894,91.18662264150943,Italian Grand Prix,2021,2022,19
LAT,90.77005882352941,92.89044230769231,Italian Grand Prix,2021,2022,10
LEC,87.71097959183673,91.13126415094341,Italian Grand Prix,2021,2022,1
MSC,92.5578076923077,91.24641509433962,Italian Grand Prix,2021,2022,17
NOR,89.1795,91.20222641509433,Italian Grand Prix,2021,2022,3
OCO,90.6901568627451,91.24215094339623,Italian Grand Prix,2021,2022,14
PER,90.14727450980394,91.20003773584905,Italian Grand Prix,2021,2022,13
RIC,87.77742857142857,88.48853333333334,Italian Grand Prix,2021,2022,4
RUS,90.68282352941178,89.93867307692307,Italian Grand Prix,2021,2022,2
SAI,90.48729411764705,91.1806037735849,Italian Grand Prix,2021,2022,18
STR,90.61945098039214,89.49110256410256,Italian Grand Prix,2021,2022,12
VER,88.54992,91.08511320754717,Italian Grand Prix,2021,2022,7
VET,92.04692307692306,88.8225,Italian Grand Prix,2021,2022,11
ALO,104.27089795918366,106.30213461538462,United States Grand Prix,2021,2022,14
BOT,102.79785714285715,105.7689375,United States Grand Prix,2021,2022,7
GAS,109.07442857142857,106.01266666666666,United States Grand Prix,2021,2022,11
HAM,101.39080357142858,103.15706,United States Grand Prix,2021,2022,3
LAT,104.9729090909091,108.12381132075471,United States Grand Prix,2021,2022,17
LEC,102.29996428571428,103.09034,United States Grand Prix,2021,2022,12
MSC,105.22525925925926,107.74545283018868,United States Grand Prix,2021,2022,16
NOR,102.87405357142858,107.3623396226415,United States Grand Prix,2021,2022,6
PER,102.12098214285713,103.41772,United States Grand Prix,2021,2022,9
RIC,102.73939285714286,108.8837962962963,United States Grand Prix,2021,2022,15
RUS,104.39547272727273,104.32752,United States Grand Prix,2021,2022,4
SAI,102.858875,115.016,United States Grand Prix,2021,2022,1
STR,104.28714545454545,108.42915789473685,United States Grand Prix,2021,2022,5
TSU,103.81965454545455,107.70283018867924,United States Grand Prix,2021,2022,19
VER,101.36699999999999,102.95738,United States Grand Prix,2021,2022,2
VET,103.85670909090909,104.4283,United States Grand Prix,2021,2022,10
ALO,84.89678571428571,84.9216507936508,Mexico City Grand Prix,2021,2022,9
BOT,86.26114492753624,85.13011428571428,Mexico City Grand Prix,2021,2022,6
GAS,84.2666338028169,85.13904285714285,Mexico City Grand Prix,2021,2022,14
HAM,83.60057746478873,83.54809859154929,Mexico City Grand Prix,2021,2022,3
LAT,86.55617391304348,86.5456811594203,Mexico City Grand Prix,2021,2022,18
LEC,84.50877464788732,84.30285915492958,Mexico City Grand Prix,2021,2022,7
NOR,84.93302857142857,85.08175714285714,Mexico City Grand Prix,2021,2022,8
OCO,85.60655714285714,85.02082857142857,Mexico City Grand Prix,2021,2022,10
PER,83.6174366197183,83.5890985915493,Mexico City Grand Prix,2021,2022,4
RIC,85.44250000000001,84.84665714285714,Mexico City Grand Prix,2021,2022,11
RUS,86.34620289855073,84.03042253521127,Mexico City Grand Prix,2021,2022,2
SAI,84.5930857142857,84.15284507042253,Mexico City Grand Prix,2021,2022,5
STR,85.89908695652174,85.52402857142857,Mexico City Grand Prix,2021,2022,20
VER,83.36740845070423,83.33421126760564,Mexico City Grand Prix,2021,2022,1
VET,84.70205714285714,85.37467142857143,Mexico City Grand Prix,2021,2022,16
ALO,79.48371428571429,83.43105633802816,São Paulo Grand Prix,2021,2022,17
BOT,78.2595352112676,83.61402816901409,São Paulo Grand Prix,2021,2022,14
GAS,79.24347142857143,83.6748028169014,São Paulo Grand Prix,2021,2022,10
HAM,78.06832394366197,83.3179295774648,São Paulo Grand Prix,2021,2022,2
LAT,80.16661428571427,83.81805633802817,São Paulo Grand Prix,2021,2022,18
LEC,78.76574647887324,83.41528169014084,São Paulo Grand Prix,2021,2022,5
MSC,81.38297101449275,83.71750704225353,São Paulo Grand Prix,2021,2022,12
NOR,79.52652857142857,82.71164,São Paulo Grand Prix,2021,2022,6
OCO,79.4767,83.5596338028169,São Paulo Grand Prix,2021,2022,16
PER,78.63085915492958,83.49470422535211,São Paulo Grand Prix,2021,2022,4
RUS,80.01341428571429,83.29639436619718,São Paulo Grand Prix,2021,2022,1
SAI,78.79818309859155,83.35345070422535,São Paulo Grand Prix,2021,2022,7
STR,82.16448936170214,83.62811267605633,São Paulo Grand Prix,2021,2022,15
VER,78.21615492957746,83.43802816901409,São Paulo Grand Prix,2021,2022,3
VET,79.54492857142857,83.66516901408451,São Paulo Grand Prix,2021,2022,9
ALO,101.62562790697675,98.4550625,Saudi Arabian Grand Prix,2021,2022,7
BOT,99.27225,98.26928125,Saudi Arabian Grand Prix,2021,2022,8
GAS,99.93597727272727,100.23285416666666,Saudi Arabian Grand Prix,2021,2022,9
HAM,97.34811627906977,100.37389583333334,Saudi Arabian Grand Prix,2021,2022,15
LAT,100.9099090909091,98.87614285714287,Saudi Arabian Grand Prix,2021,2022,18
LEC,99.61145454545455,96.81834042553193,Saudi Arabian Grand Prix,2021,2022,2
NOR,99.67572727272727,100.1001875,Saudi Arabian Grand Prix,2021,2022,11
OCO,98.57027906976744,99.02940425531914,Saudi Arabian Grand Prix,2021,2022,5
PER,98.1371,97.55534042553191,Saudi Arabian Grand Prix,2021,2022,1
RIC,98.83997674418605,100.43224242424243,Saudi Arabian Grand Prix,2021,2022,14
RUS,106.90781818181819,98.0222340425532,Saudi Arabian Grand Prix,2021,2022,6
SAI,100.03690909090909,97.14925531914895,Saudi Arabian Grand Prix,2021,2022,3
STR,102.07802222222223,101.48385106382979,Saudi Arabian Grand Prix,2021,2022,13
VER,97.68348837209304,96.88470212765958,Saudi Arabian Grand Prix,2021,2022,4
ALO,93.45671929824562,93.09462962962962,Abu Dhabi Grand Prix,2021,2022,10
BOT,93.5311724137931,92.90556140350877,Abu Dhabi Grand Prix,2021,2022,18
GAS,93.51510344827587,92.7449649122807,Abu Dhabi Grand Prix,2021,2022,17
HAM,92.41259649122807,91.94521818181818,Abu Dhabi Grand Prix,2021,2022,5
LAT,92.30982,94.4725090909091,Abu Dhabi Grand Prix,2021,2022,20
LEC,93.53885964912281,90.94284482758621,Abu Dhabi Grand Prix,2021,2022,3
MSC,95.19205263157895,93.06989473684212,Abu Dhabi Grand Prix,2021,2022,12
NOR,93.41061403508772,91.7611724137931,Abu Dhabi Grand Prix,2021,2022,7
OCO,93.50573684210526,91.77851724137932,Abu Dhabi Grand Prix,2021,2022,8
PER,91.86492727272727,90.96563793103448,Abu Dhabi Grand Prix,2021,2022,2
RIC,94.11425,92.22727586206896,Abu Dhabi Grand Prix,2021,2022,13
RUS,92.18372,91.41037931034482,Abu Dhabi Grand Prix,2021,2022,6
SAI,93.49168965517241,91.22079310344827,Abu Dhabi Grand Prix,2021,2022,4
STR,95.1811754385965,92.11801724137932,Abu Dhabi Grand Prix,2021,2022,14
TSU,93.50063793103449,92.3325,Abu Dhabi Grand Prix,2021,2022,11
VER,92.4019298245614,90.79162068965516,Abu Dhabi Grand Prix,2021,2022,1
VET,93.58505263157895,92.23813793103449,Abu Dhabi Grand Prix,2021,2022,9
ALB,103.64063157894736,100.46508771929825,Bahrain Grand Prix,2022,2023,15
ALO,103.08726315789474,99.56794736842104,Bahrain Grand Prix,2022,2023,5
BOT,102.97724561403508,100.16461403508771,Bahrain Grand Prix,2022,2023,12
GAS,100.78102272727273,100.18401754385964,Bahrain Grand Prix,2022,2023,20
HAM,102.86419298245615,99.78443859649123,Bahrain Grand Prix,2022,2023,7
HUL,103.81426315789474,101.08298214285715,Bahrain Grand Prix,2022,2023,10
LEC,100.69770909090909,99.64405128205128,Bahrain Grand Prix,2022,2023,3
MAG,102.95329824561404,100.95523214285716,Bahrain Grand Prix,2022,2023,17
NOR,103.68278947368421,102.60676363636364,Bahrain Grand Prix,2022,2023,11
OCO,103.03521052631578,102.91624390243902,Bahrain Grand Prix,2022,2023,9
PER,102.95580357142856,99.10040350877193,Bahrain Grand Prix,2022,2023,2
RUS,102.04010714285714,99.87033333333333,Bahrain Grand Prix,2022,2023,6
SAI,102.79266666666666,99.73312280701755,Bahrain Grand Prix,2022,2023,4
STR,103.49924561403509,99.8462807017544,Bahrain Grand Prix,2022,2023,8
TSU,103.0521052631579,100.48431578947368,Bahrain Grand Prix,2022,2023,14
VER,102.75343396226415,98.89010526315789,Bahrain Grand Prix,2022,2023,1
ZHO,102.16107142857143,101.36401785714285,Bahrain Grand Prix,2022,2023,13
ALB,102.14371739130435,100.94432,Saudi Arabian Grand Prix,2022,2023,17
ALO,98.4550625,94.835875,Saudi Arabian Grand Prix,2022,2023,2
BOT,98.26928125,99.02766666666668,Saudi Arabian Grand Prix,2022,2023,14
GAS,100.23285416666666,97.53079591836735,Saudi Arabian Grand Prix,2022,2023,9
HAM,100.37389583333334,95.643625,Saudi Arabian Grand Prix,2022,2023,7
HUL,99.7682765957447,98.90964,Saudi Arabian Grand Prix,2022,2023,10
LEC,96.81834042553193,97.24300000000001,Saudi Arabian Grand Prix,2022,2023,12
MAG,100.1476875,98.79440000000001,Saudi Arabian Grand Prix,2022,2023,13
NOR,100.1001875,99.22678,Saudi Arabian Grand Prix,2022,2023,19
OCO,99.02940425531914,97.4653469387755,Saudi Arabian Grand Prix,2022,2023,6
PER,97.55534042553191,94.24502083333334,Saudi Arabian Grand Prix,2022,2023,1
RUS,98.0222340425532,95.16035416666666,Saudi Arabian Grand Prix,2022,2023,3
SAI,97.14925531914895,97.04638775510205,Saudi Arabian Grand Prix,2022,2023,4
STR,101.48385106382979,97.324,Saudi Arabian Grand Prix,2022,2023,5
VER,96.88470212765958,94.92664583333334,Saudi Arabian Grand Prix,2022,2023,15
ZHO,99.54617021276596,99.01907999999999,Saudi Arabian Grand Prix,2022,2023,11
ALB,92.17120689655172,102.9735,Australian Grand Prix,2022,2023,8
ALO,91.784,85.77373076923078,Australian Grand Prix,2022,2023,4
BOT,90.96036842105264,87.86484313725491,Australian Grand Prix,2022,2023,19
GAS,91.09535087719298,86.08175,Australian Grand Prix,2022,2023,9
HAM,90.18107017543859,87.48888679245283,Australian Grand Prix,2022,2023,3
MAG,91.36842857142857,87.23292,Australian Grand Prix,2022,2023,14
NOR,90.65154385964912,86.56167307692309,Australian Grand Prix,2022,2023,13
OCO,91.86605172413793,86.74915384615385,Australian Grand Prix,2022,2023,11
PER,90.01012280701755,86.38034615384616,Australian Grand Prix,2022,2023,20
RUS,90.06177192982456,93.6108,Australian Grand Prix,2022,2023,2
SAI,99.028,86.09380769230769,Australian Grand Prix,2022,2023,5
STR,91.2201052631579,86.12126923076923,Australian Grand Prix,2022,2023,6
TSU,91.47360714285715,87.79834615384615,Australian Grand Prix,2022,2023,12
VER,91.534,85.46938461538463,Australian Grand Prix,2022,2023,1
ZHO,92.21108620689655,87.85013461538462,Australian Grand Prix,2022,2023,17
ALB,98.99976785714286,93.5281052631579,Miami Grand Prix,2022,2023,11
ALO,98.93473214285714,92.71133333333334,Miami Grand Prix,2022,2023,2
BOT,97.82858181818182,93.50663157894736,Miami Grand Prix,2022,2023,10
GAS,97.57266666666666,93.22650877192983,Miami Grand Prix,2022,2023,5
HAM,97.71621818181818,93.14894736842105,Miami Grand Prix,2022,2023,13
LEC,96.1480925925926,93.17945614035088,Miami Grand Prix,2022,2023,7
MAG,99.19743636363637,93.35414035087719,Miami Grand Prix,2022,2023,4
NOR,96.13953846153846,93.78873684210525,Miami Grand Prix,2022,2023,16
OCO,98.93751785714286,93.26954385964912,Miami Grand Prix,2022,2023,8
PER,97.5192909090909,92.34429824561404,Miami Grand Prix,2022,2023,1
RUS,97.76987272727273,92.83280701754387,Miami Grand Prix,2022,2023,6
SAI,97.43456363636363,92.9079298245614,Miami Grand Prix,2022,2023,3
STR,99.08,93.38587719298245,Miami Grand Prix,2022,2023,18
TSU,96.49224074074074,93.3780701754386,Miami Grand Prix,2022,2023,17
VER,94.91677358490566,92.24984210526316,Miami Grand Prix,2022,2023,9
ZHO,102.17216666666667,93.62598245614036,Miami Grand Prix,2022,2023,14
ALB,92.043796875,81.62535384615384,Spanish Grand Prix,2022,2023,18
ALO,89.9588,80.94040909090909,Spanish Grand Prix,2022,2023,8
BOT,89.40077272727272,81.96743076923076,Spanish Grand Prix,2022,2023,16
GAS,90.48341538461538,81.0828787878788,Spanish Grand Prix,2022,2023,10
HAM,89.31831818181819,80.33378787878787,Spanish Grand Prix,2022,2023,4
LEC,89.69103703703703,81.09634848484849,Spanish Grand Prix,2022,2023,19
MAG,91.455171875,81.78492307692308,Spanish Grand Prix,2022,2023,17
NOR,89.75318181818182,81.66661538461538,Spanish Grand Prix,2022,2023,3
OCO,89.63442424242425,81.01790909090909,Spanish Grand Prix,2022,2023,6
PER,88.69010606060606,80.51139393939394,Spanish Grand Prix,2022,2023,11
RUS,88.9909393939394,80.4595303030303,Spanish Grand Prix,2022,2023,12
SAI,89.17701515151515,80.66118181818182,Spanish Grand Prix,2022,2023,2
STR,90.8124,80.92818181818183,Spanish Grand Prix,2022,2023,5
TSU,90.01723076923076,81.03569696969697,Spanish Grand Prix,2022,2023,15
VER,88.49204545454546,79.96878787878788,Spanish Grand Prix,2022,2023,1
ZHO,91.98467857142857,81.05784848484849,Spanish Grand Prix,2022,2023,13
ALB,95.88040425531915,85.8596103896104,Monaco Grand Prix,2022,2023,13
ALO,91.13414285714286,84.10129487179486,Monaco Grand Prix,2022,2023,2
BOT,91.48973015873015,85.20705194805196,Monaco Grand Prix,2022,2023,15
GAS,90.65195161290323,84.54284615384616,Monaco Grand Prix,2022,2023,7
HAM,91.15574603174603,84.2441282051282,Monaco Grand Prix,2022,2023,5
LEC,89.54141935483871,84.53679487179487,Monaco Grand Prix,2022,2023,6
MAG,105.01852631578947,86.44544927536232,Monaco Grand Prix,2022,2023,17
NOR,90.58950793650794,84.88364935064935,Monaco Grand Prix,2022,2023,10
OCO,91.18044444444445,84.21756410256411,Monaco Grand Prix,2022,2023,3
PER,89.4947741935484,86.59215789473684,Monaco Grand Prix,2022,2023,20
RUS,90.65820634920634,84.40082051282052,Monaco Grand Prix,2022,2023,8
SAI,89.51753225806452,84.55603846153846,Monaco Grand Prix,2022,2023,4
STR,91.49133333333333,80.78247169811321,Monaco Grand Prix,2022,2023,14
TSU,92.49062903225806,86.04638157894736,Monaco Grand Prix,2022,2023,9
VER,89.52037096774194,83.74333333333333,Monaco Grand Prix,2022,2023,1
ZHO,92.12858064516129,85.76405194805196,Monaco Grand Prix,2022,2023,19
ALB,112.23095918367346,110.80507843137255,Azerbaijan Grand Prix,2022,2023,12
ALO,111.64402,107.28244897959183,Azerbaijan Grand Prix,2022,2023,6
BOT,111.45539583333334,110.79430612244899,Azerbaijan Grand Prix,2022,2023,13
GAS,111.43078,110.85819607843138,Azerbaijan Grand Prix,2022,2023,17
HAM,111.07112,109.08368,Azerbaijan Grand Prix,2022,2023,5
LEC,112.38645,107.07857142857144,Azerbaijan Grand Prix,2022,2023,1
MAG,112.62316129032259,109.52422,Azerbaijan Grand Prix,2022,2023,16
NOR,112.51954901960785,109.7893,Azerbaijan Grand Prix,2022,2023,7
OCO,111.96647999999999,109.25804081632654,Azerbaijan Grand Prix,2022,2023,19
PER,110.04222,106.54489795918367,Azerbaijan Grand Prix,2022,2023,3
RUS,110.54700000000001,107.59704166666667,Azerbaijan Grand Prix,2022,2023,11
SAI,109.80575,106.84575,Azerbaijan Grand Prix,2022,2023,4
STR,113.46486666666667,107.0551875,Azerbaijan Grand Prix,2022,2023,9
TSU,112.31530612244897,109.88802,Azerbaijan Grand Prix,2022,2023,8
VER,109.64182000000001,105.89039583333334,Azerbaijan Grand Prix,2022,2023,2
ZHO,114.38252173913042,110.37823529411764,Azerbaijan Grand Prix,2022,2023,15
ALB,83.23785714285714,81.41658571428572,Canadian Grand Prix,2022,2023,9
ALO,82.95288571428571,80.68454285714286,Canadian Grand Prix,2022,2023,2
BOT,82.9572,81.46828571428571,Canadian Grand Prix,2022,2023,14
GAS,83.24199999999999,81.47995714285715,Canadian Grand Prix,2022,2023,15
HAM,82.69661428571429,80.75022857142856,Canadian Grand Prix,2022,2023,3
LEC,82.8132142857143,80.81422857142857,Canadian Grand Prix,2022,2023,10
MAG,83.57052857142857,82.7334347826087,Canadian Grand Prix,2022,2023,13
NOR,83.27002857142857,81.45301428571429,Canadian Grand Prix,2022,2023,7
OCO,82.93781428571428,81.42914285714285,Canadian Grand Prix,2022,2023,6
PER,81.366,81.27680000000001,Canadian Grand Prix,2022,2023,12
RUS,82.77242857142856,80.17984615384616,Canadian Grand Prix,2022,2023,4
SAI,82.61071428571428,80.85554285714285,Canadian Grand Prix,2022,2023,11
STR,83.14255714285714,81.46785714285714,Canadian Grand Prix,2022,2023,16
TSU,81.89663829787234,81.59672857142857,Canadian Grand Prix,2022,2023,19
VER,82.59652857142856,80.54782857142857,Canadian Grand Prix,2022,2023,1
ZHO,82.98155714285714,81.96702898550726,Canadian Grand Prix,2022,2023,20
ALO,98.37809999999999,98.73328846153846,British Grand Prix,2022,2023,9
BOT,101.37231578947369,98.89938461538462,British Grand Prix,2022,2023,20
GAS,100.90948,99.99128888888889,British Grand Prix,2022,2023,10
HAM,95.492125,97.48968627450981,British Grand Prix,2022,2023,7
LEC,95.70135416666666,98.7620576923077,British Grand Prix,2022,2023,4
MAG,98.85244,94.70661290322582,British Grand Prix,2022,2023,19
NOR,97.42567346938776,97.16343137254903,British Grand Prix,2022,2023,2
OCO,101.55108333333334,95.15011111111112,British Grand Prix,2022,2023,13
PER,97.3095306122449,98.65038461538461,British Grand Prix,2022,2023,15
SAI,94.32280851063828,98.77665384615385,British Grand Prix,2022,2023,5
STR,99.86974509803922,98.83501923076923,British Grand Prix,2022,2023,12
TSU,101.23160784313725,99.00313461538462,British Grand Prix,2022,2023,16
VER,97.74702040816327,96.8326862745098,British Grand Prix,2022,2023,1
ALB,72.69841428571429,73.28695774647888,Austrian Grand Prix,2022,2023,10
ALO,72.61052857142857,72.73132394366198,Austrian Grand Prix,2022,2023,7
BOT,72.63267142857143,73.94834285714286,Austrian Grand Prix,2022,2023,14
GAS,72.82454285714286,73.11653521126762,Austrian Grand Prix,2022,2023,9
HAM,71.90885915492959,72.85638028169014,Austrian Grand Prix,2022,2023,5
LEC,71.32833802816901,72.37692957746478,Austrian Grand Prix,2022,2023,2
MAG,72.51325714285714,74.02,Austrian Grand Prix,2022,2023,19
NOR,72.46455714285715,72.67512676056339,Austrian Grand Prix,2022,2023,4
OCO,72.29222535211267,73.51067142857143,Austrian Grand Prix,2022,2023,12
PER,75.6965,72.54640845070422,Austrian Grand Prix,2022,2023,15
RUS,72.15892957746479,72.98605633802818,Austrian Grand Prix,2022,2023,11
SAI,71.16046428571428,72.60540845070423,Austrian Grand Prix,2022,2023,3
STR,72.76841428571429,73.13591549295774,Austrian Grand Prix,2022,2023,6
TSU,72.92074285714286,73.9782857142857,Austrian Grand Prix,2022,2023,16
VER,71.34991549295775,72.30432394366197,Austrian Grand Prix,2022,2023,1
ZHO,72.79301428571429,73.68914285714285,Austrian Grand Prix,2022,2023,17
ALB,87.57660869565217,85.76407246376812,Hungarian Grand Prix,2022,2023,16
ALO,86.72646376811595,85.2049,Hungarian Grand Prix,2022,2023,8
BOT,86.48070769230769,85.77844927536232,Hungarian Grand Prix,2022,2023,7
GAS,87.06814492753624,124.981,Hungarian Grand Prix,2022,2023,15
HAM,85.48208571428572,84.6824,Hungarian Grand Prix,2022,2023,1
LEC,85.59941428571429,85.05644285714286,Hungarian Grand Prix,2022,2023,6
MAG,87.56428985507246,86.53601449275362,Hungarian Grand Prix,2022,2023,19
NOR,86.48874285714287,84.60521428571428,Hungarian Grand Prix,2022,2023,3
OCO,86.76811594202898,104.07300000000001,Hungarian Grand Prix,2022,2023,12
PER,85.59428571428572,84.66052857142857,Hungarian Grand Prix,2022,2023,9
RIC,87.1354927536232,85.86798550724637,Hungarian Grand Prix,2022,2023,13
RUS,85.54641428571428,85.0637,Hungarian Grand Prix,2022,2023,18
SAI,85.57844285714286,85.13867142857143,Hungarian Grand Prix,2022,2023,11
STR,86.88049275362319,85.55433333333333,Hungarian Grand Prix,2022,2023,14
TSU,88.65795588235294,86.08952173913043,Hungarian Grand Prix,2022,2023,17
VER,85.37017142857144,84.12334285714286,Hungarian Grand Prix,2022,2023,2
ZHO,87.14676811594204,86.21920289855072,Hungarian Grand Prix,2022,2023,5
ALB,116.50635714285714,114.69622727272727,Belgian Grand Prix,2022,2023,15
ALO,115.7175,113.78713636363636,Belgian Grand Prix,2022,2023,9
BOT,125.651,114.44638636363635,Belgian Grand Prix,2022,2023,13
GAS,115.72978048780489,114.3985,Belgian Grand Prix,2022,2023,12
LEC,115.6982380952381,113.24338636363636,Belgian Grand Prix,2022,2023,1
MAG,116.96921951219512,114.82281818181818,Belgian Grand Prix,2022,2023,16
NOR,116.72688095238097,114.18565909090908,Belgian Grand Prix,2022,2023,7
OCO,115.9874761904762,114.20838636363636,Belgian Grand Prix,2022,2023,14
PER,114.24557142857144,113.01715909090909,Belgian Grand Prix,2022,2023,2
RIC,116.61833333333334,114.85275,Belgian Grand Prix,2022,2023,19
RUS,114.59483333333334,113.94434090909091,Belgian Grand Prix,2022,2023,8
SAI,114.3909761904762,117.12369565217391,Belgian Grand Prix,2022,2023,4
STR,116.62254761904762,114.31340909090909,Belgian Grand Prix,2022,2023,10
TSU,116.85340476190476,114.33343181818182,Belgian Grand Prix,2022,2023,11
VER,114.1045,112.51022727272726,Belgian Grand Prix,2022,2023,6
ZHO,116.79599999999999,114.6793409090909,Belgian Grand Prix,2022,2023,17
ALB,81.01615277777779,84.98851428571429,Dutch Grand Prix,2022,2023,4
ALO,80.85454166666666,85.24677464788732,Dutch Grand Prix,2022,2023,5
BOT,80.00898113207546,85.77475714285714,Dutch Grand Prix,2022,2023,18
GAS,80.96919444444444,84.4893,Dutch Grand Prix,2022,2023,12
HAM,80.77484722222222,84.65327142857143,Dutch Grand Prix,2022,2023,13
LEC,80.74586111111111,87.3498780487805,Dutch Grand Prix,2022,2023,9
NOR,80.86220833333333,84.88695714285714,Dutch Grand Prix,2022,2023,2
OCO,80.88736111111112,85.20774285714286,Dutch Grand Prix,2022,2023,16
PER,80.84640277777777,84.49738571428571,Dutch Grand Prix,2022,2023,7
RUS,80.65061111111112,85.50315714285713,Dutch Grand Prix,2022,2023,3
SAI,80.81512500000001,84.59154285714287,Dutch Grand Prix,2022,2023,6
STR,80.906,85.59101428571428,Dutch Grand Prix,2022,2023,11
TSU,78.55780952380952,85.57545714285715,Dutch Grand Prix,2022,2023,17
VER,79.55160563380281,84.77281690140845,Dutch Grand Prix,2022,2023,1
ZHO,81.11240277777777,84.21516129032258,Dutch Grand Prix,2022,2023,15
ALO,88.78448387096775,87.59680392156862,Italian Grand Prix,2022,2023,10
BOT,92.84476923076923,87.9625,Italian Grand Prix,2022,2023,14
GAS,91.2057924528302,88.29672000000001,Italian Grand Prix,2022,2023,17
HAM,91.18662264150943,87.42788235294118,Italian Grand Prix,2022,2023,8
LEC,91.13126415094341,86.91215686274509,Italian Grand Prix,2022,2023,3
MAG,92.92609615384616,88.67533999999999,Italian Grand Prix,2022,2023,19
NOR,91.20222641509433,87.58023529411764,Italian Grand Prix,2022,2023,9
OCO,91.24215094339623,89.10197435897436,Italian Grand Prix,2022,2023,18
PER,91.20003773584905,86.80798039215686,Italian Grand Prix,2022,2023,5
RUS,89.93867307692307,87.04256862745099,Italian Grand Prix,2022,2023,4
SAI,91.1806037735849,86.90854901960785,Italian Grand Prix,2022,2023,1
STR,89.49110256410256,88.35495999999999,Italian Grand Prix,2022,2023,20
VER,91.08511320754717,86.68907843137255,Italian Grand Prix,2022,2023,2
ZHO,91.23435849056604,88.27812,Italian Grand Prix,2022,2023,16
ALB,129.04478260869567,102.39281666666668,Singapore Grand Prix,2022,2023,14
ALO,123.47755555555555,103.40588524590164,Singapore Grand Prix,2022,2023,7
BOT,123.22375925925925,104.46482,Singapore Grand Prix,2022,2023,16
GAS,121.21623076923076,102.72396721311476,Singapore Grand Prix,2022,2023,12
HAM,119.84488235294117,101.91575409836065,Singapore Grand Prix,2022,2023,5
LEC,118.34280769230769,102.19391803278688,Singapore Grand Prix,2022,2023,3
MAG,122.75868518518519,102.34708333333333,Singapore Grand Prix,2022,2023,6
NOR,119.79726415094339,101.91670491803278,Singapore Grand Prix,2022,2023,4
OCO,127.64533333333334,102.65365853658537,Singapore Grand Prix,2022,2023,8
PER,117.18531372549019,103.10345901639344,Singapore Grand Prix,2022,2023,13
RUS,124.81076923076922,101.96138333333333,Singapore Grand Prix,2022,2023,2
SAI,118.13227450980392,100.9673,Singapore Grand Prix,2022,2023,1
VER,120.41553846153846,102.40618032786885,Singapore Grand Prix,2022,2023,11
ZHO,129.93333333333334,103.68568852459016,Singapore Grand Prix,2022,2023,19
ALO,111.57175000000001,100.68494000000001,Japanese Grand Prix,2022,2023,10
BOT,113.64166666666667,136.214,Japanese Grand Prix,2022,2023,16
GAS,114.16808333333334,101.03768,Japanese Grand Prix,2022,2023,12
HAM,111.22670833333332,100.20878,Japanese Grand Prix,2022,2023,7
LEC,110.26808333333334,100.03676,Japanese Grand Prix,2022,2023,4
MAG,113.60416666666667,102.01616326530613,Japanese Grand Prix,2022,2023,15
NOR,113.00266666666666,99.4957,Japanese Grand Prix,2022,2023,3
OCO,111.05900000000001,102.17596078431373,Japanese Grand Prix,2022,2023,14
PER,110.33820833333334,108.70920000000001,Japanese Grand Prix,2022,2023,5
RUS,111.73620833333332,100.41562,Japanese Grand Prix,2022,2023,8
STR,113.05987499999999,104.8075294117647,Japanese Grand Prix,2022,2023,17
TSU,113.056625,101.43257142857142,Japanese Grand Prix,2022,2023,9
VER,109.07429166666667,99.06016,Japanese Grand Prix,2022,2023,1
ZHO,114.03075,101.66618367346939,Japanese Grand Prix,2022,2023,19
ALB,107.64545283018867,103.62635714285715,United States Grand Prix,2022,2023,15
ALO,106.30213461538462,103.63728571428571,United States Grand Prix,2022,2023,19
BOT,105.7689375,103.92791071428572,United States Grand Prix,2022,2023,13
GAS,106.01266666666666,103.02425000000001,United States Grand Prix,2022,2023,7
HAM,103.15706,102.20691071428571,United States Grand Prix,2022,2023,3
LEC,103.09034,102.60757142857143,United States Grand Prix,2022,2023,1
MAG,107.41815094339623,104.17152727272727,United States Grand Prix,2022,2023,17
NOR,107.3623396226415,102.3587857142857,United States Grand Prix,2022,2023,2
OCO,107.64601886792452,108.07483333333334,United States Grand Prix,2022,2023,8
PER,103.41772,102.49682142857144,United States Grand Prix,2022,2023,9
RIC,108.8837962962963,104.18570909090909,United States Grand Prix,2022,2023,14
RUS,104.32752,102.61358928571428,United States Grand Prix,2022,2023,5
SAI,115.016,102.43742857142857,United States Grand Prix,2022,2023,4
STR,108.42915789473685,103.03675,United States Grand Prix,2022,2023,20
TSU,107.70283018867924,103.49548214285714,United States Grand Prix,2022,2023,11
VER,102.95738,102.16717857142858,United States Grand Prix,2022,2023,6
ZHO,108.41075925925925,104.08978181818182,United States Grand Prix,2022,2023,12
ALB,85.16617142857142,85.64076811594202,Mexico City Grand Prix,2022,2023,14
ALO,84.9216507936508,88.6859347826087,Mexico City Grand Prix,2022,2023,13
BOT,85.13011428571428,87.02815714285715,Mexico City Grand Prix,2022,2023,9
GAS,85.13904285714285,86.81901428571429,Mexico City Grand Prix,2022,2023,11
HAM,83.54809859154929,84.11548529411765,Mexico City Grand Prix,2022,2023,6
LEC,84.30285915492958,84.19160294117648,Mexico City Grand Prix,2022,2023,1
MAG,85.6735,86.64558064516129,Mexico City Grand Prix,2022,2023,16
NOR,85.08175714285714,86.34752857142857,Mexico City Grand Prix,2022,2023,17
OCO,85.02082857142857,86.7628,Mexico City Grand Prix,2022,2023,15
PER,83.5890985915493,103.446,Mexico City Grand Prix,2022,2023,5
RIC,84.84665714285714,85.56749275362318,Mexico City Grand Prix,2022,2023,4
RUS,84.03042253521127,86.48937142857143,Mexico City Grand Prix,2022,2023,8
SAI,84.15284507042253,84.40054411764706,Mexico City Grand Prix,2022,2023,2
TSU,85.62700000000001,87.05701428571429,Mexico City Grand Prix,2022,2023,18
VER,83.33421126760564,83.6025882352941,Mexico City Grand Prix,2022,2023,3
ZHO,85.32515714285715,87.06287142857143,Mexico City Grand Prix,2022,2023,10
ALO,83.43105633802816,78.74318571428572,São Paulo Grand Prix,2022,2023,4
BOT,83.61402816901409,81.43955263157895,São Paulo Grand Prix,2022,2023,18
GAS,83.6748028169014,78.67128571428572,São Paulo Grand Prix,2022,2023,15
HAM,83.3179295774648,79.15551428571429,São Paulo Grand Prix,2022,2023,5
NOR,82.71164,78.43897142857143,São Paulo Grand Prix,2022,2023,6
OCO,83.5596338028169,79.07078260869565,São Paulo Grand Prix,2022,2023,14
PER,83.49470422535211,78.7408,São Paulo Grand Prix,2022,2023,9
RUS,83.29639436619718,80.73069642857142,São Paulo Grand Prix,2022,2023,8
SAI,83.35345070422535,78.93827142857143,São Paulo Grand Prix,2022,2023,7
STR,83.62811267605633,78.8465,São Paulo Grand Prix,2022,2023,3
TSU,84.94778571428571,78.84042857142857,São Paulo Grand Prix,2022,2023,16
VER,83.43802816901409,78.33891428571428,São Paulo Grand Prix,2022,2023,1
ZHO,83.70942253521126,85.58071428571428,São Paulo Grand Prix,2022,2023,20
ALB,92.7341052631579,91.30703448275862,Abu Dhabi Grand Prix,2022,2023,14
ALO,93.09462962962962,90.72648275862069,Abu Dhabi Grand Prix,2022,2023,7
BOT,92.90556140350877,91.84271929824561,Abu Dhabi Grand Prix,2022,2023,18
GAS,92.7449649122807,91.25834482758621,Abu Dhabi Grand Prix,2022,2023,10
HAM,91.94521818181818,90.8111724137931,Abu Dhabi Grand Prix,2022,2023,11
LEC,90.94284482758621,90.35546551724138,Abu Dhabi Grand Prix,2022,2023,2
MAG,93.27442105263158,91.8859649122807,Abu Dhabi Grand Prix,2022,2023,17
NOR,91.7611724137931,90.46393103448277,Abu Dhabi Grand Prix,2022,2023,5
OCO,91.77851724137932,91.18960344827586,Abu Dhabi Grand Prix,2022,2023,12
PER,90.96563793103448,90.32891379310345,Abu Dhabi Grand Prix,2022,2023,9
RIC,92.22727586206896,91.01470689655173,Abu Dhabi Grand Prix,2022,2023,15
RUS,91.41037931034482,90.39572413793104,Abu Dhabi Grand Prix,2022,2023,4
SAI,91.22079310344827,91.41970175438595,Abu Dhabi Grand Prix,2022,2023,16
STR,92.11801724137932,91.00441379310345,Abu Dhabi Grand Prix,2022,2023,13
TSU,92.3325,90.78813793103447,Abu Dhabi Grand Prix,2022,2023,6
VER,90.79162068965516,90.04524137931034,Abu Dhabi Grand Prix,2022,2023,1
ZHO,92.71866666666666,91.587,Abu Dhabi Grand Prix,2022,2023,19
ALB,100.46508771929825,98.51121428571427,Bahrain Grand Prix,2023,2024,13
ALO,99.56794736842104,97.88822807017544,Bahrain Grand Prix,2023,2024,6
BOT,100.16461403508771,98.50374545454545,Bahrain Grand Prix,2023,2024,16
GAS,100.18401754385964,98.87783928571427,Bahrain Grand Prix,2023,2024,20
HAM,99.78443859649123,97.45729824561403,Bahrain Grand Prix,2023,2024,9
HUL,101.08298214285715,98.61382142857143,Bahrain Grand Prix,2023,2024,10
LEC,99.64405128205128,97.27036842105264,Bahrain Grand Prix,2023,2024,2
MAG,100.95523214285716,98.44746428571429,Bahrain Grand Prix,2023,2024,15
NOR,102.60676363636364,97.42456140350878,Bahrain Grand Prix,2023,2024,7
OCO,102.91624390243902,98.86057142857143,Bahrain Grand Prix,2023,2024,19
PER,99.10040350877193,96.96840350877193,Bahrain Grand Prix,2023,2024,5
PIA,103.27576923076923,97.55831578947368,Bahrain Grand Prix,2023,2024,8
RUS,99.87033333333333,97.39526315789473,Bahrain Grand Prix,2023,2024,3
SAI,99.73312280701755,97.01494736842105,Bahrain Grand Prix,2023,2024,4
SAR,100.67628571428573,99.32735185185184,Bahrain Grand Prix,2023,2024,18
STR,99.8462807017544,98.20978947368421,Bahrain Grand Prix,2023,2024,12
TSU,100.48431578947368,98.46828571428571,Bahrain Grand Prix,2023,2024,11
VER,98.89010526315789,96.57442105263158,Bahrain Grand Prix,2023,2024,1
ZHO,101.36401785714285,98.41966071428571,Bahrain Grand Prix,2023,2024,17
ALB,100.94432,96.97232653061225,Saudi Arabian Grand Prix,2023,2024,12
ALO,94.835875,94.55775,Saudi Arabian Grand Prix,2023,2024,4
BOT,99.02766666666668,97.68866666666668,Saudi Arabian Grand Prix,2023,2024,16
GAS,97.53079591836735,121.453,Saudi Arabian Grand Prix,2023,2024,18
HAM,95.643625,94.95504166666666,Saudi Arabian Grand Prix,2023,2024,8
HUL,98.90964,95.76462500000001,Saudi Arabian Grand Prix,2023,2024,15
LEC,97.24300000000001,94.10120833333333,Saudi Arabian Grand Prix,2023,2024,2
MAG,98.79440000000001,96.91802040816327,Saudi Arabian Grand Prix,2023,2024,13
NOR,99.22678,94.85802083333334,Saudi Arabian Grand Prix,2023,2024,6
OCO,97.4653469387755,97.31054166666667,Saudi Arabian Grand Prix,2023,2024,17
PER,94.24502083333334,93.86772916666666,Saudi Arabian Grand Prix,2023,2024,3
PIA,99.1983,94.4689375,Saudi Arabian Grand Prix,2023,2024,5
RUS,95.16035416666666,94.75318750000001,Saudi Arabian Grand Prix,2023,2024,7
SAR,99.22373999999999,97.34937500000001,Saudi Arabian Grand Prix,2023,2024,19
STR,97.324,97.1216,Saudi Arabian Grand Prix,2023,2024,10
TSU,97.75483673469388,97.27591666666666,Saudi Arabian Grand Prix,2023,2024,9
VER,94.92664583333334,93.60822916666666,Saudi Arabian Grand Prix,2023,2024,1
ZHO,99.01907999999999,98.04847916666667,Saudi Arabian Grand Prix,2023,2024,20
ALB,102.9735,84.76933333333334,Australian Grand Prix,2023,2024,12
ALO,85.77373076923078,84.61784482758621,Australian Grand Prix,2023,2024,10
BOT,87.86484313725491,85.42401754385965,Australian Grand Prix,2023,2024,13
GAS,86.08175,85.3122105263158,Australian Grand Prix,2023,2024,17
HAM,87.48888679245283,85.2284,Australian Grand Prix,2023,2024,11
HUL,86.52936538461539,85.02406896551723,Australian Grand Prix,2023,2024,16
MAG,87.23292,84.75305263157895,Australian Grand Prix,2023,2024,14
NOR,86.56167307692309,83.32322413793104,Australian Grand Prix,2023,2024,3
OCO,86.74915384615385,85.62845614035088,Australian Grand Prix,2023,2024,15
PER,86.38034615384616,84.19227586206897,Australian Grand Prix,2023,2024,6
PIA,87.2793076923077,83.83815517241379,Australian Grand Prix,2023,2024,5
RUS,93.6108,83.65596428571429,Australian Grand Prix,2023,2024,7
SAI,86.09380769230769,83.22143103448276,Australian Grand Prix,2023,2024,2
STR,86.12126923076923,84.82870689655172,Australian Grand Prix,2023,2024,9
TSU,87.79834615384615,84.86972413793104,Australian Grand Prix,2023,2024,8
VER,85.46938461538463,84.89066666666666,Australian Grand Prix,2023,2024,1
ZHO,87.85013461538462,85.45852631578948,Australian Grand Prix,2023,2024,19
ALB,110.80507843137255,110.25446,Azerbaijan Grand Prix,2023,2024,9
ALO,107.28244897959183,110.22398,Azerbaijan Grand Prix,2023,2024,7
BOT,110.79430612244899,111.24593877551021,Azerbaijan Grand Prix,2023,2024,16
GAS,110.85819607843138,110.61432,Azerbaijan Grand Prix,2023,2024,18
HAM,109.08368,110.33262,Azerbaijan Grand Prix,2023,2024,19
HUL,109.71264583333334,110.39265999999999,Azerbaijan Grand Prix,2023,2024,12
LEC,107.07857142857144,108.67784,Azerbaijan Grand Prix,2023,2024,1
NOR,109.7893,109.23942,Azerbaijan Grand Prix,2023,2024,15
OCO,109.25804081632654,110.88244897959183,Azerbaijan Grand Prix,2023,2024,20
PER,106.54489795918367,108.59587755102041,Azerbaijan Grand Prix,2023,2024,4
PIA,109.96768,108.49346,Azerbaijan Grand Prix,2023,2024,2
RUS,107.59704166666667,109.12790000000001,Azerbaijan Grand Prix,2023,2024,5
SAI,106.84575,108.60751020408163,Azerbaijan Grand Prix,2023,2024,3
STR,107.0551875,111.13511111111112,Azerbaijan Grand Prix,2023,2024,13
TSU,109.88802,115.90364285714286,Azerbaijan Grand Prix,2023,2024,11
VER,105.89039583333334,109.06310204081632,Azerbaijan Grand Prix,2023,2024,6
ZHO,110.37823529411764,110.67104081632654,Azerbaijan Grand Prix,2023,2024,17
ALB,93.5281052631579,96.9467894736842,Miami Grand Prix,2023,2024,14
ALO,92.71133333333334,96.26285964912282,Miami Grand Prix,2023,2024,15
BOT,93.50663157894736,96.53038596491228,Miami Grand Prix,2023,2024,16
GAS,93.22650877192983,96.40059649122807,Miami Grand Prix,2023,2024,12
HAM,93.14894736842105,95.90282456140352,Miami Grand Prix,2023,2024,8
HUL,93.5647543859649,96.32745614035088,Miami Grand Prix,2023,2024,9
LEC,93.17945614035088,94.78089285714286,Miami Grand Prix,2023,2024,2
MAG,93.35414035087719,96.5712105263158,Miami Grand Prix,2023,2024,18
NOR,93.78873684210525,94.52207142857142,Miami Grand Prix,2023,2024,5
OCO,93.26954385964912,96.30915789473684,Miami Grand Prix,2023,2024,13
PER,92.34429824561404,95.86887719298245,Miami Grand Prix,2023,2024,4
PIA,94.26341071428571,95.52126785714286,Miami Grand Prix,2023,2024,6
RUS,92.83280701754387,96.22219298245614,Miami Grand Prix,2023,2024,7
SAI,92.9079298245614,95.81198245614036,Miami Grand Prix,2023,2024,3
SAR,94.51123214285714,95.68666666666667,Miami Grand Prix,2023,2024,17
STR,93.38587719298245,96.40436842105264,Miami Grand Prix,2023,2024,11
TSU,93.3780701754386,96.07124561403508,Miami Grand Prix,2023,2024,10
VER,92.24984210526316,94.68669642857142,Miami Grand Prix,2023,2024,1
ZHO,93.62598245614036,96.4886842105263,Miami Grand Prix,2023,2024,19
ALB,85.8596103896104,112.33254545454545,Monaco Grand Prix,2023,2024,9
ALO,84.10129487179486,113.15010526315788,Monaco Grand Prix,2023,2024,14
BOT,85.20705194805196,113.15844736842105,Monaco Grand Prix,2023,2024,17
GAS,84.54284615384616,112.41292207792208,Monaco Grand Prix,2023,2024,10
HAM,84.2441282051282,109.83961038961039,Monaco Grand Prix,2023,2024,7
LEC,84.53679487179487,109.32074025974026,Monaco Grand Prix,2023,2024,1
NOR,84.88364935064935,109.56542857142858,Monaco Grand Prix,2023,2024,4
PIA,85.01219480519481,109.43609090909091,Monaco Grand Prix,2023,2024,2
RUS,84.40082051282052,109.69736363636363,Monaco Grand Prix,2023,2024,5
SAI,84.55603846153846,109.48668831168831,Monaco Grand Prix,2023,2024,3
SAR,86.90740789473683,113.21815789473685,Monaco Grand Prix,2023,2024,15
STR,80.78247169811321,113.17790789473685,Monaco Grand Prix,2023,2024,13
TSU,86.04638157894736,112.1433896103896,Monaco Grand Prix,2023,2024,8
VER,83.74333333333333,109.76576623376623,Monaco Grand Prix,2023,2024,6
ZHO,85.76405194805196,113.82650000000001,Monaco Grand Prix,2023,2024,18
ALB,81.62535384615384,82.43655384615386,Spanish Grand Prix,2023,2024,20
ALO,80.94040909090909,81.68806153846154,Spanish Grand Prix,2023,2024,10
BOT,81.96743076923076,82.36215384615384,Spanish Grand Prix,2023,2024,12
GAS,81.0828787878788,81.24624242424242,Spanish Grand Prix,2023,2024,7
HAM,80.33378787878787,80.57601515151515,Spanish Grand Prix,2023,2024,3
HUL,81.46518461538462,81.4309393939394,Spanish Grand Prix,2023,2024,13
LEC,81.09634848484849,80.65054545454545,Spanish Grand Prix,2023,2024,5
MAG,81.78492307692308,82.38484615384615,Spanish Grand Prix,2023,2024,16
NOR,81.66661538461538,80.3400909090909,Spanish Grand Prix,2023,2024,1
OCO,81.01790909090909,81.39569696969697,Spanish Grand Prix,2023,2024,8
PER,80.51139393939394,81.20834848484849,Spanish Grand Prix,2023,2024,11
PIA,81.26484615384615,80.81798484848485,Spanish Grand Prix,2023,2024,9
RUS,80.4595303030303,80.64465151515151,Spanish Grand Prix,2023,2024,4
SAI,80.66118181818182,80.77659090909091,Spanish Grand Prix,2023,2024,6
SAR,81.9941076923077,82.892078125,Spanish Grand Prix,2023,2024,19
STR,80.92818181818183,81.93044615384616,Spanish Grand Prix,2023,2024,14
TSU,81.03569696969697,82.52509230769232,Spanish Grand Prix,2023,2024,17
VER,79.96878787878788,80.3064696969697,Spanish Grand Prix,2023,2024,2
ZHO,81.05784848484849,81.78004615384616,Spanish Grand Prix,2023,2024,15
ALB,81.41658571428572,91.63241176470588,Canadian Grand Prix,2023,2024,10
ALO,80.68454285714286,90.66881159420291,Canadian Grand Prix,2023,2024,6
BOT,81.46828571428571,90.82039130434782,Canadian Grand Prix,2023,2024,19
GAS,81.47995714285715,90.68531884057971,Canadian Grand Prix,2023,2024,15
HAM,80.75022857142856,90.47365217391304,Canadian Grand Prix,2023,2024,7
HUL,81.96073913043479,90.76255072463768,Canadian Grand Prix,2023,2024,17
LEC,80.81422857142857,95.61271794871796,Canadian Grand Prix,2023,2024,11
MAG,82.7334347826087,90.83120289855073,Canadian Grand Prix,2023,2024,14
NOR,81.45301428571429,90.50846376811594,Canadian Grand Prix,2023,2024,3
OCO,81.42914285714285,90.71469565217392,Canadian Grand Prix,2023,2024,18
PER,81.27680000000001,91.81415999999999,Canadian Grand Prix,2023,2024,16
PIA,81.47784285714285,90.57489855072463,Canadian Grand Prix,2023,2024,4
RUS,80.17984615384616,90.55827536231884,Canadian Grand Prix,2023,2024,1
SAI,80.85554285714285,91.58449019607843,Canadian Grand Prix,2023,2024,12
SAR,81.67866666666667,93.0379090909091,Canadian Grand Prix,2023,2024,13
STR,81.46785714285714,90.70246376811595,Canadian Grand Prix,2023,2024,9
TSU,81.59672857142857,91.10023188405798,Canadian Grand Prix,2023,2024,8
VER,80.54782857142857,90.47730434782609,Canadian Grand Prix,2023,2024,2
ZHO,81.96702898550726,92.32194117647059,Canadian Grand Prix,2023,2024,20
ALB,73.28695774647888,72.48091428571428,Austrian Grand Prix,2023,2024,16
ALO,72.73132394366198,73.00654285714285,Austrian Grand Prix,2023,2024,15
BOT,73.94834285714286,72.60247142857142,Austrian Grand Prix,2023,2024,18
GAS,73.11653521126762,72.17695774647888,Austrian Grand Prix,2023,2024,13
HAM,72.85638028169014,71.63295774647887,Austrian Grand Prix,2023,2024,5
HUL,82.04791666666667,72.06881690140844,Austrian Grand Prix,2023,2024,9
LEC,72.37692957746478,72.25146478873239,Austrian Grand Prix,2023,2024,6
MAG,74.02,72.15708450704226,Austrian Grand Prix,2023,2024,12
NOR,72.67512676056339,71.73521875,Austrian Grand Prix,2023,2024,2
OCO,73.51067142857143,72.269338028169,Austrian Grand Prix,2023,2024,10
PER,72.54640845070422,72.07704225352113,Austrian Grand Prix,2023,2024,8
PIA,74.0025142857143,71.33385915492957,Austrian Grand Prix,2023,2024,7
RUS,72.98605633802818,71.30701408450705,Austrian Grand Prix,2023,2024,3
SAI,72.60540845070423,71.37085915492958,Austrian Grand Prix,2023,2024,4
SAR,73.5713,73.46531884057971,Austrian Grand Prix,2023,2024,19
STR,73.13591549295774,72.47188571428572,Austrian Grand Prix,2023,2024,17
TSU,73.9782857142857,72.51347142857144,Austrian Grand Prix,2023,2024,14
VER,72.30432394366197,71.69085915492958,Austrian Grand Prix,2023,2024,1
ZHO,73.68914285714285,72.96685714285715,Austrian Grand Prix,2023,2024,20
ALB,98.74646153846153,96.45088461538461,British Grand Prix,2023,2024,9
ALO,98.73328846153846,96.35838461538462,British Grand Prix,2023,2024,10
BOT,98.89938461538462,97.82117647058824,British Grand Prix,2023,2024,16
HAM,97.48968627450981,95.13575,British Grand Prix,2023,2024,2
HUL,98.91540384615384,96.20732692307692,British Grand Prix,2023,2024,6
LEC,98.7620576923077,97.79474509803921,British Grand Prix,2023,2024,11
MAG,94.70661290322582,96.86946153846155,British Grand Prix,2023,2024,17
NOR,97.16343137254903,95.28088461538461,British Grand Prix,2023,2024,3
OCO,95.15011111111112,99.15482,British Grand Prix,2023,2024,18
PER,98.65038461538461,99.30128,British Grand Prix,2023,2024,20
PIA,98.55219230769231,95.37476923076923,British Grand Prix,2023,2024,5
RUS,98.61815384615385,96.11142424242425,British Grand Prix,2023,2024,1
SAI,98.77665384615385,96.04571153846155,British Grand Prix,2023,2024,7
SAR,98.85711538461538,96.84651923076923,British Grand Prix,2023,2024,12
STR,98.83501923076923,96.22361538461539,British Grand Prix,2023,2024,8
TSU,99.00313461538462,96.6608076923077,British Grand Prix,2023,2024,13
VER,96.8326862745098,95.16392307692308,British Grand Prix,2023,2024,4
ZHO,98.97611538461538,100.0307,British Grand Prix,2023,2024,14
ALB,85.76407246376812,85.77910144927536,Hungarian Grand Prix,2023,2024,13
ALO,85.2049,85.20641428571427,Hungarian Grand Prix,2023,2024,7
BOT,85.77844927536232,85.9043188405797,Hungarian Grand Prix,2023,2024,12
GAS,124.981,86.6440909090909,Hungarian Grand Prix,2023,2024,20
HAM,84.6824,84.24098571428571,Hungarian Grand Prix,2023,2024,5
HUL,86.08597101449276,85.72714492753623,Hungarian Grand Prix,2023,2024,11
LEC,85.05644285714286,84.30964285714286,Hungarian Grand Prix,2023,2024,6
MAG,86.53601449275362,85.90276811594204,Hungarian Grand Prix,2023,2024,15
NOR,84.60521428571428,84.059,Hungarian Grand Prix,2023,2024,1
OCO,104.07300000000001,86.1292463768116,Hungarian Grand Prix,2023,2024,19
PER,84.66052857142857,84.59687142857143,Hungarian Grand Prix,2023,2024,16
PIA,85.01722857142857,84.02841428571428,Hungarian Grand Prix,2023,2024,2
RIC,85.86798550724637,85.50598550724636,Hungarian Grand Prix,2023,2024,9
RUS,85.0637,84.63367142857143,Hungarian Grand Prix,2023,2024,17
SAI,85.13867142857143,84.35802857142858,Hungarian Grand Prix,2023,2024,4
SAR,86.40632835820895,86.00840579710145,Hungarian Grand Prix,2023,2024,14
STR,85.55433333333333,85.14235714285715,Hungarian Grand Prix,2023,2024,8
TSU,86.08952173913043,85.13211428571428,Hungarian Grand Prix,2023,2024,10
VER,84.12334285714286,84.3334,Hungarian Grand Prix,2023,2024,3
ZHO,86.21920289855072,86.16792753623189,Hungarian Grand Prix,2023,2024,18
ALB,114.69622727272727,110.47025,Belgian Grand Prix,2023,2024,10
ALO,113.78713636363636,110.15915909090909,Belgian Grand Prix,2023,2024,8
BOT,114.44638636363635,110.62904545454545,Belgian Grand Prix,2023,2024,14
GAS,114.3985,110.48647727272727,Belgian Grand Prix,2023,2024,12
HAM,113.63911363636363,109.0355909090909,Belgian Grand Prix,2023,2024,3
HUL,115.02045454545454,111.04256818181817,Belgian Grand Prix,2023,2024,16
LEC,113.24338636363636,109.21793181818181,Belgian Grand Prix,2023,2024,1
MAG,114.82281818181818,110.53797727272728,Belgian Grand Prix,2023,2024,17
NOR,114.18565909090908,109.2475,Belgian Grand Prix,2023,2024,4
OCO,114.20838636363636,110.21799999999999,Belgian Grand Prix,2023,2024,9
PER,113.01715909090909,110.0053409090909,Belgian Grand Prix,2023,2024,2
RIC,114.85275,110.27195454545455,Belgian Grand Prix,2023,2024,13
RUS,113.94434090909091,109.02363636363636,Belgian Grand Prix,2023,2024,6
SAI,117.12369565217391,109.47352272727272,Belgian Grand Prix,2023,2024,7
SAR,114.88468181818183,110.97947727272727,Belgian Grand Prix,2023,2024,18
STR,114.31340909090909,110.45570454545455,Belgian Grand Prix,2023,2024,15
TSU,114.33343181818182,110.76765909090909,Belgian Grand Prix,2023,2024,20
VER,112.51022727272726,109.23331818181818,Belgian Grand Prix,2023,2024,11
ZHO,114.6793409090909,119.80725000000001,Belgian Grand Prix,2023,2024,19
ALB,84.98851428571429,77.27084507042254,Dutch Grand Prix,2023,2024,19
ALO,85.24677464788732,76.88805633802816,Dutch Grand Prix,2023,2024,7
BOT,85.77475714285714,77.83952857142857,Dutch Grand Prix,2023,2024,16
GAS,84.4893,76.81863380281689,Dutch Grand Prix,2023,2024,9
HAM,84.65327142857143,76.32108333333333,Dutch Grand Prix,2023,2024,14
HUL,85.61838571428572,76.96807042253522,Dutch Grand Prix,2023,2024,12
LEC,87.3498780487805,75.98552777777778,Dutch Grand Prix,2023,2024,6
MAG,86.85571830985916,77.6229014084507,Dutch Grand Prix,2023,2024,20
NOR,84.88695714285714,75.63220833333334,Dutch Grand Prix,2023,2024,1
OCO,85.20774285714286,77.35770422535211,Dutch Grand Prix,2023,2024,15
PER,84.49738571428571,76.18140277777778,Dutch Grand Prix,2023,2024,5
PIA,85.1408,76.01188888888889,Dutch Grand Prix,2023,2024,3
RUS,85.50315714285713,76.2518888888889,Dutch Grand Prix,2023,2024,4
SAI,84.59154285714287,76.07855555555555,Dutch Grand Prix,2023,2024,10
SAR,93.03057142857143,77.60645070422535,Dutch Grand Prix,2023,2024,18
STR,85.59101428571428,76.98916901408451,Dutch Grand Prix,2023,2024,8
TSU,85.57545714285715,77.615,Dutch Grand Prix,2023,2024,11
VER,84.77281690140845,75.95020833333334,Dutch Grand Prix,2023,2024,2
ZHO,84.21516129032258,78.30768571428571,Dutch Grand Prix,2023,2024,17
ALB,87.57350980392157,85.81477358490567,Italian Grand Prix,2023,2024,9
ALO,87.59680392156862,85.83437735849056,Italian Grand Prix,2023,2024,11
BOT,87.9625,86.69111538461539,Italian Grand Prix,2023,2024,19
GAS,88.29672000000001,86.52059615384616,Italian Grand Prix,2023,2024,14
HAM,87.42788235294118,84.97258490566038,Italian Grand Prix,2023,2024,6
HUL,88.46472,86.76148076923076,Italian Grand Prix,2023,2024,10
LEC,86.91215686274509,84.54201886792453,Italian Grand Prix,2023,2024,4
MAG,88.67533999999999,85.6420566037736,Italian Grand Prix,2023,2024,13
NOR,87.58023529411764,84.65811320754717,Italian Grand Prix,2023,2024,1
OCO,89.10197435897436,86.41126923076924,Italian Grand Prix,2023,2024,15
PER,86.80798039215686,85.56367924528301,Italian Grand Prix,2023,2024,8
PIA,88.06116,84.59228301886792,Italian Grand Prix,2023,2024,2
RUS,87.04256862745099,85.29135849056604,Italian Grand Prix,2023,2024,3
SAI,86.90854901960785,84.83675471698113,Italian Grand Prix,2023,2024,5
STR,88.35495999999999,87.00451923076922,Italian Grand Prix,2023,2024,17
VER,86.68907843137255,85.25771698113206,Italian Grand Prix,2023,2024,7
ZHO,88.27812,86.93811538461539,Italian Grand Prix,2023,2024,20
ALB,102.39281666666668,104.04686666666666,Singapore Grand Prix,2023,2024,11
ALO,103.40588524590164,99.23678688524589,Singapore Grand Prix,2023,2024,7
BOT,104.46482,100.17049180327868,Singapore Grand Prix,2023,2024,19
GAS,102.72396721311476,100.19065573770492,Singapore Grand Prix,2023,2024,18
HAM,101.91575409836065,98.99708064516129,Singapore Grand Prix,2023,2024,3
HUL,103.40555737704918,99.27395081967214,Singapore Grand Prix,2023,2024,6
LEC,102.19391803278688,98.62904838709677,Singapore Grand Prix,2023,2024,9
MAG,102.34708333333333,100.73653571428572,Singapore Grand Prix,2023,2024,14
NOR,101.91670491803278,97.62211290322581,Singapore Grand Prix,2023,2024,1
OCO,102.65365853658537,99.94386885245902,Singapore Grand Prix,2023,2024,15
PER,103.10345901639344,99.29827868852459,Singapore Grand Prix,2023,2024,13
PIA,102.80545901639344,98.29667741935484,Singapore Grand Prix,2023,2024,5
RUS,101.96138333333333,98.60662903225806,Singapore Grand Prix,2023,2024,4
SAI,100.9673,99.17112903225807,Singapore Grand Prix,2023,2024,10
VER,102.40618032786885,97.95993548387096,Singapore Grand Prix,2023,2024,2
ZHO,103.68568852459016,100.16050819672131,Singapore Grand Prix,2023,2024,20
ALO,100.68494000000001,98.63931372549018,Japanese Grand Prix,2023,2024,5
BOT,136.214,101.44864705882354,Japanese Grand Prix,2023,2024,13
GAS,101.03768,102.09619607843138,Japanese Grand Prix,2023,2024,17
HAM,100.20878,98.92286274509803,Japanese Grand Prix,2023,2024,7
HUL,101.59730612244898,100.18244,Japanese Grand Prix,2023,2024,12
LEC,100.03676,98.53758823529412,Japanese Grand Prix,2023,2024,8
MAG,102.01616326530613,101.48870588235295,Japanese Grand Prix,2023,2024,18
NOR,99.4957,98.26139215686275,Japanese Grand Prix,2023,2024,3
OCO,102.17596078431373,101.82566666666668,Japanese Grand Prix,2023,2024,15
PER,108.70920000000001,97.90370588235294,Japanese Grand Prix,2023,2024,2
PIA,99.85790000000001,98.76094117647058,Japanese Grand Prix,2023,2024,6
RUS,100.41562,98.97890196078431,Japanese Grand Prix,2023,2024,9
SAI,100.17446,98.13513725490196,Japanese Grand Prix,2023,2024,4
SAR,108.36521052631578,102.58435294117646,Japanese Grand Prix,2023,2024,19
STR,104.8075294117647,101.2988431372549,Japanese Grand Prix,2023,2024,16
TSU,101.43257142857142,100.2397,Japanese Grand Prix,2023,2024,10
VER,99.06016,97.63750980392156,Japanese Grand Prix,2023,2024,1
ZHO,101.66618367346939,115.40627272727274,Japanese Grand Prix,2023,2024,20
ALB,93.68740350877192,97.82664285714286,Qatar Grand Prix,2023,2024,16
ALO,92.06441071428571,96.23140350877192,Qatar Grand Prix,2023,2024,8
BOT,93.43387719298245,94.4432,Qatar Grand Prix,2023,2024,13
GAS,93.53452631578948,96.17728070175438,Qatar Grand Prix,2023,2024,11
HUL,94.18308928571427,98.32071794871794,Qatar Grand Prix,2023,2024,18
LAW,94.39778571428572,95.86683928571428,Qatar Grand Prix,2023,2024,17
LEC,91.91016071428571,93.57574545454546,Qatar Grand Prix,2023,2024,5
MAG,93.93596428571428,96.44736842105263,Qatar Grand Prix,2023,2024,10
NOR,92.37082456140351,92.82092592592592,Qatar Grand Prix,2023,2024,3
PER,93.5850701754386,95.4564054054054,Qatar Grand Prix,2023,2024,9
PIA,91.260625,94.76075,Qatar Grand Prix,2023,2024,4
RUS,92.86468421052632,96.04257894736841,Qatar Grand Prix,2023,2024,1
STR,93.52315789473684,121.44524999999999,Qatar Grand Prix,2023,2024,15
TSU,94.07367857142857,96.9547894736842,Qatar Grand Prix,2023,2024,14
VER,91.17873214285714,91.00656603773585,Qatar Grand Prix,2023,2024,2
ZHO,93.60166666666667,96.32777192982456,Qatar Grand Prix,2023,2024,12
ALB,103.62635714285715,103.17762962962962,United States Grand Prix,2023,2024,14
ALO,103.63728571428571,102.90420370370371,United States Grand Prix,2023,2024,7
BOT,103.92791071428572,103.58574074074075,United States Grand Prix,2023,2024,16
GAS,103.02425000000001,102.45436363636364,United States Grand Prix,2023,2024,6
HAM,102.20691071428571,108.064,United States Grand Prix,2023,2024,17
HUL,103.77260714285714,102.16325454545455,United States Grand Prix,2023,2024,11
LEC,102.60757142857143,99.80833333333332,United States Grand Prix,2023,2024,4
MAG,104.17152727272727,101.46892592592593,United States Grand Prix,2023,2024,8
NOR,102.3587857142857,100.15840740740741,United States Grand Prix,2023,2024,1
OCO,108.07483333333334,103.72374074074075,United States Grand Prix,2023,2024,12
PER,102.49682142857144,101.15807407407408,United States Grand Prix,2023,2024,9
PIA,105.9564,101.22374545454545,United States Grand Prix,2023,2024,5
RUS,102.61358928571428,102.10569090909091,United States Grand Prix,2023,2024,20
SAI,102.43742857142857,99.9977962962963,United States Grand Prix,2023,2024,3
STR,103.03675,102.34162264150943,United States Grand Prix,2023,2024,13
TSU,103.49548214285714,102.00133962264151,United States Grand Prix,2023,2024,10
VER,102.16717857142858,100.18392592592592,United States Grand Prix,2023,2024,2
ZHO,104.08978181818182,104.7068909090909,United States Grand Prix,2023,2024,18
ALO,88.6859347826087,101.74926666666667,Mexico City Grand Prix,2023,2024,13
BOT,87.02815714285715,87.11467142857143,Mexico City Grand Prix,2023,2024,15
GAS,86.81901428571429,86.77695714285714,Mexico City Grand Prix,2023,2024,8
HAM,84.11548529411765,85.92366197183098,Mexico City Grand Prix,2023,2024,6
HUL,87.0459,86.55028571428572,Mexico City Grand Prix,2023,2024,10
LEC,84.19160294117648,85.77728169014084,Mexico City Grand Prix,2023,2024,4
MAG,86.64558064516129,86.18932394366198,Mexico City Grand Prix,2023,2024,7
NOR,86.34752857142857,85.35922535211267,Mexico City Grand Prix,2023,2024,3
PER,103.446,87.55834285714286,Mexico City Grand Prix,2023,2024,18
PIA,86.51551428571429,86.20743661971831,Mexico City Grand Prix,2023,2024,17
RUS,86.48937142857143,85.97656338028169,Mexico City Grand Prix,2023,2024,5
SAI,84.40054411764706,85.29295774647888,Mexico City Grand Prix,2023,2024,1
STR,87.45212307692307,86.8696,Mexico City Grand Prix,2023,2024,14
VER,83.6025882352941,86.13180281690141,Mexico City Grand Prix,2023,2024,2
ZHO,87.06287142857143,87.39317142857142,Mexico City Grand Prix,2023,2024,19
ALO,78.74318571428572,89.4820895522388,São Paulo Grand Prix,2023,2024,9
BOT,81.43955263157895,89.53307462686568,São Paulo Grand Prix,2023,2024,11
GAS,78.67128571428572,88.44259701492538,São Paulo Grand Prix,2023,2024,13
HAM,79.15551428571429,89.13016417910447,São Paulo Grand Prix,2023,2024,14
HUL,79.57684057971014,88.30792592592591,São Paulo Grand Prix,2023,2024,18
NOR,78.43897142857143,88.59928358208956,São Paulo Grand Prix,2023,2024,1
OCO,79.07078260869565,88.32616417910448,São Paulo Grand Prix,2023,2024,4
PER,78.7408,89.38244776119403,São Paulo Grand Prix,2023,2024,12
PIA,78.34866176470588,88.7619552238806,São Paulo Grand Prix,2023,2024,8
RUS,80.73069642857142,88.5075223880597,São Paulo Grand Prix,2023,2024,2
SAI,78.93827142857143,90.71438888888889,São Paulo Grand Prix,2023,2024,20
TSU,78.84042857142857,88.80149253731344,São Paulo Grand Prix,2023,2024,3
VER,78.33891428571428,88.0506119402985,São Paulo Grand Prix,2023,2024,17
ZHO,85.58071428571428,90.41636363636363,São Paulo Grand Prix,2023,2024,19
ALB,101.28077777777779,101.28084000000001,Las Vegas Grand Prix,2023,2024,17
ALO,102.58660869565219,99.90328,Las Vegas Grand Prix,2023,2024,16
BOT,107.44702040816325,100.76028571428571,Las Vegas Grand Prix,2023,2024,19
GAS,100.98935555555555,102.46486666666667,Las Vegas Grand Prix,2023,2024,3
HAM,102.53736956521739,98.66564,Las Vegas Grand Prix,2023,2024,10
HUL,103.42948780487806,99.71554,Las Vegas Grand Prix,2023,2024,9
LEC,99.8696888888889,98.80504,Las Vegas Grand Prix,2023,2024,4
MAG,101.70177777777778,99.91544,Las Vegas Grand Prix,2023,2024,12
NOR,124.8445,99.38708000000001,Las Vegas Grand Prix,2023,2024,6
OCO,100.75993333333334,100.57202040816327,Las Vegas Grand Prix,2023,2024,11
PER,101.3956304347826,99.78165999999999,Las Vegas Grand Prix,2023,2024,15
PIA,101.14095555555555,99.54668,Las Vegas Grand Prix,2023,2024,8
RUS,100.39648888888888,98.51938,Las Vegas Grand Prix,2023,2024,1
SAI,101.91695652173914,98.7575,Las Vegas Grand Prix,2023,2024,2
STR,101.58449999999999,100.20142,Las Vegas Grand Prix,2023,2024,18
TSU,105.02797674418606,99.77554,Las Vegas Grand Prix,2023,2024,7
VER,99.95786666666667,98.85102,Las Vegas Grand Prix,2023,2024,5
ZHO,101.77435555555554,100.00108,Las Vegas Grand Prix,2023,2024,13
ALB,91.30703448275862,91.30775438596491,Abu Dhabi Grand Prix,2023,2024,18
ALO,90.72648275862069,90.95972413793103,Abu Dhabi Grand Prix,2023,2024,8
BOT,91.84271929824561,94.90933333333334,Abu Dhabi Grand Prix,2023,2024,9
GAS,91.25834482758621,90.79053448275862,Abu Dhabi Grand Prix,2023,2024,5
HAM,90.8111724137931,90.16851724137932,Abu Dhabi Grand Prix,2023,2024,16
HUL,91.48827586206896,90.8421551724138,Abu Dhabi Grand Prix,2023,2024,7
LEC,90.35546551724138,90.08998275862069,Abu Dhabi Grand Prix,2023,2024,19
MAG,91.8859649122807,92.47171929824562,Abu Dhabi Grand Prix,2023,2024,14
NOR,90.46393103448277,89.5395,Abu Dhabi Grand Prix,2023,2024,1
PIA,90.58812068965517,90.98468965517242,Abu Dhabi Grand Prix,2023,2024,2
RUS,90.39572413793104,90.18670689655173,Abu Dhabi Grand Prix,2023,2024,6
SAI,91.41970175438595,89.64005172413792,Abu Dhabi Grand Prix,2023,2024,3
STR,91.00441379310345,91.34673684210526,Abu Dhabi Grand Prix,2023,2024,13
TSU,90.78813793103447,91.3689298245614,Abu Dhabi Grand Prix,2023,2024,11
VER,90.04524137931034,90.39893103448276,Abu Dhabi Grand Prix,2023,2024,4
ZHO,91.587,91.41394736842106,Abu Dhabi Grand Prix,2023,2024,15
ALB,98.51121428571427,100.66335714285715,Bahrain Grand Prix,2024,2025,15
ALO,97.88822807017544,100.85835714285714,Bahrain Grand Prix,2024,2025,13
GAS,98.87783928571427,101.32345614035087,Bahrain Grand Prix,2024,2025,4
HAM,97.45729824561403,100.27203571428572,Bahrain Grand Prix,2024,2025,9
HUL,98.61382142857143,101.62994736842106,Bahrain Grand Prix,2024,2025,16
LEC,97.27036842105264,100.01864285714285,Bahrain Grand Prix,2024,2025,2
NOR,97.42456140350878,99.98400000000001,Bahrain Grand Prix,2024,2025,6
OCO,98.86057142857143,101.46805263157894,Bahrain Grand Prix,2024,2025,14
PIA,97.55831578947368,99.52437499999999,Bahrain Grand Prix,2024,2025,1
RUS,97.39526315789473,99.94875,Bahrain Grand Prix,2024,2025,3
SAI,97.01494736842105,102.38295454545455,Bahrain Grand Prix,2024,2025,8
STR,98.20978947368421,100.934,Bahrain Grand Prix,2024,2025,19
TSU,98.46828571428571,100.58903571428571,Bahrain Grand Prix,2024,2025,10
VER,96.57442105263158,101.29526315789474,Bahrain Grand Prix,2024,2025,7
ALB,96.97232653061225,95.92666666666666,Saudi Arabian Grand Prix,2024,2025,11
ALO,94.55775,96.13520833333332,Saudi Arabian Grand Prix,2024,2025,13
BEA,96.04824489795918,96.30537500000001,Saudi Arabian Grand Prix,2024,2025,15
HAM,94.95504166666666,95.27227083333332,Saudi Arabian Grand Prix,2024,2025,7
HUL,95.76462500000001,96.80902127659576,Saudi Arabian Grand Prix,2024,2025,18
LEC,94.10120833333333,94.54710416666667,Saudi Arabian Grand Prix,2024,2025,4
NOR,94.85802083333334,94.71422916666667,Saudi Arabian Grand Prix,2024,2025,10
OCO,97.31054166666667,96.80141666666667,Saudi Arabian Grand Prix,2024,2025,19
PIA,94.4689375,94.32264583333334,Saudi Arabian Grand Prix,2024,2025,2
RUS,94.75318750000001,94.93283333333333,Saudi Arabian Grand Prix,2024,2025,3
STR,97.1216,96.80714893617021,Saudi Arabian Grand Prix,2024,2025,16
TSU,97.27591666666666,165.662,Saudi Arabian Grand Prix,2024,2025,8
VER,93.60822916666666,94.35722916666667,Saudi Arabian Grand Prix,2024,2025,1
ALB,84.76933333333334,104.67238888888889,Australian Grand Prix,2024,2025,6
ALO,84.61784482758621,98.51737931034482,Australian Grand Prix,2024,2025,12
GAS,85.3122105263158,104.88916666666667,Australian Grand Prix,2024,2025,9
HAM,85.2284,103.9671886792453,Australian Grand Prix,2024,2025,8
HUL,85.02406896551723,104.74016666666667,Australian Grand Prix,2024,2025,17
LEC,83.26222413793103,103.9335283018868,Australian Grand Prix,2024,2025,7
NOR,83.32322413793104,103.42830188679245,Australian Grand Prix,2024,2025,1
OCO,85.62845614035088,103.84869811320755,Australian Grand Prix,2024,2025,19
PIA,83.83815517241379,102.08446153846154,Australian Grand Prix,2024,2025,2
RUS,83.65596428571429,103.68633962264151,Australian Grand Prix,2024,2025,4
STR,84.82870689655172,104.73012962962963,Australian Grand Prix,2024,2025,13
TSU,84.86972413793104,104.08569811320756,Australian Grand Prix,2024,2025,5
VER,84.89066666666666,103.34115094339623,Australian Grand Prix,2024,2025,3
ALO,98.63931372549018,94.04369811320754,Japanese Grand Prix,2024,2025,12
GAS,102.09619607843138,94.13405660377357,Japanese Grand Prix,2024,2025,11
HAM,98.92286274509803,93.51254716981131,Japanese Grand Prix,2024,2025,8
HUL,100.18244,94.50830188679247,Japanese Grand Prix,2024,2025,16
LEC,98.53758823529412,93.26566037735849,Japanese Grand Prix,2024,2025,4
NOR,98.26139215686275,92.98879245283018,Japanese Grand Prix,2024,2025,2
OCO,101.82566666666668,94.53624528301887,Japanese Grand Prix,2024,2025,18
PIA,98.76094117647058,93.00211320754717,Japanese Grand Prix,2024,2025,3
RUS,98.97890196078431,93.2895283018868,Japanese Grand Prix,2024,2025,5
SAI,98.13513725490196,94.36060377358491,Japanese Grand Prix,2024,2025,15
STR,101.2988431372549,94.99830769230769,Japanese Grand Prix,2024,2025,20
TSU,100.2397,94.06384905660377,Japanese Grand Prix,2024,2025,14
VER,97.63750980392156,92.96194339622642,Japanese Grand Prix,2024,2025,1
ALB,109.25107142857142,98.4169107142857,Chinese Grand Prix,2024,2025,10
ALO,107.29964814814814,111.3935,Chinese Grand Prix,2024,2025,13
GAS,109.31744642857143,98.6110892857143,Chinese Grand Prix,2024,2025,16
HAM,109.11678571428571,97.86441071428571,Chinese Grand Prix,2024,2025,5
HUL,108.41190909090909,99.55003636363637,Chinese Grand Prix,2024,2025,12
LEC,106.02094339622641,97.82566071428572,Chinese Grand Prix,2024,2025,6
NOR,107.44454545454545,97.58525,Chinese Grand Prix,2024,2025,3
OCO,109.20296428571429,98.30348214285713,Chinese Grand Prix,2024,2025,11
PIA,108.32136363636364,97.41117857142856,Chinese Grand Prix,2024,2025,1
RUS,107.98790909090908,97.60933928571428,Chinese Grand Prix,2024,2025,2
SAI,107.08585185185186,98.77523214285713,Chinese Grand Prix,2024,2025,15
STR,105.80332075471698,98.66482142857141,Chinese Grand Prix,2024,2025,14
TSU,111.04673076923078,99.60976363636364,Chinese Grand Prix,2024,2025,9
VER,105.23545283018868,97.70860714285713,Chinese Grand Prix,2024,2025,4
ALB,96.9467894736842,94.37989473684212,Miami Grand Prix,2024,2025,7
ALO,96.26285964912282,95.5815357142857,Miami Grand Prix,2024,2025,17
GAS,96.40059649122807,95.12336842105263,Miami Grand Prix,2024,2025,20
HAM,95.90282456140352,94.59250877192983,Miami Grand Prix,2024,2025,12
HUL,96.32745614035088,95.22753571428572,Miami Grand Prix,2024,2025,16
LEC,94.78089285714286,94.53724561403509,Miami Grand Prix,2024,2025,8
NOR,94.52207142857142,93.61784210526315,Miami Grand Prix,2024,2025,2
OCO,96.30915789473684,94.97531578947368,Miami Grand Prix,2024,2025,9
PIA,95.52126785714286,93.53661403508772,Miami Grand Prix,2024,2025,4
RUS,96.22219298245614,94.1970350877193,Miami Grand Prix,2024,2025,5
SAI,95.81198245614036,94.59936842105263,Miami Grand Prix,2024,2025,6
STR,96.40436842105264,95.65623214285714,Miami Grand Prix,2024,2025,18
TSU,96.07124561403508,94.7547543859649,Miami Grand Prix,2024,2025,10
VER,94.68669642857142,94.23759649122806,Miami Grand Prix,2024,2025,1
ALB,84.49361999999999,87.4784761904762,Emilia Romagna Grand Prix,2024,2025,7
ALO,83.87703225806452,87.62617460317462,Emilia Romagna Grand Prix,2024,2025,5
GAS,83.46720967741935,87.69242857142856,Emilia Romagna Grand Prix,2024,2025,10
HAM,81.9104126984127,87.42150793650794,Emilia Romagna Grand Prix,2024,2025,12
HUL,83.07304838709678,87.6745238095238,Emilia Romagna Grand Prix,2024,2025,17
LEC,81.47885714285714,87.52338095238095,Emilia Romagna Grand Prix,2024,2025,11
NOR,81.36471428571429,87.29060317460318,Emilia Romagna Grand Prix,2024,2025,4
OCO,83.37353225806451,83.79018518518518,Emilia Romagna Grand Prix,2024,2025,18
PIA,81.57752380952381,87.39928571428571,Emilia Romagna Grand Prix,2024,2025,1
RUS,82.10168253968254,87.54338095238096,Emilia Romagna Grand Prix,2024,2025,3
SAI,81.70757142857143,87.55709523809523,Emilia Romagna Grand Prix,2024,2025,6
STR,82.616,87.71733333333333,Emilia Romagna Grand Prix,2024,2025,8
TSU,82.95335483870969,87.6134126984127,Emilia Romagna Grand Prix,2024,2025,20
VER,81.35320634920636,87.19363492063492,Emilia Romagna Grand Prix,2024,2025,2
ALB,112.33254545454545,79.54884210526316,Monaco Grand Prix,2024,2025,10
ALO,113.15010526315788,80.75283333333333,Monaco Grand Prix,2024,2025,6
GAS,112.41292207792208,93.94414285714286,Monaco Grand Prix,2024,2025,17
HAM,109.83961038961039,78.01576923076924,Monaco Grand Prix,2024,2025,7
LEC,109.32074025974026,77.39710256410257,Monaco Grand Prix,2024,2025,2
NOR,109.56542857142858,77.35696153846153,Monaco Grand Prix,2024,2025,1
PIA,109.43609090909091,77.40385897435898,Monaco Grand Prix,2024,2025,3
RUS,109.69736363636363,79.83798684210527,Monaco Grand Prix,2024,2025,14
SAI,109.48668831168831,79.59309210526315,Monaco Grand Prix,2024,2025,11
STR,113.17790789473685,80.31892105263158,Monaco Grand Prix,2024,2025,19
TSU,112.1433896103896,80.33805263157895,Monaco Grand Prix,2024,2025,12
VER,109.76576623376623,77.62070512820513,Monaco Grand Prix,2024,2025,4
ALB,91.63241176470588,78.32782608695652,Canadian Grand Prix,2024,2025,9
ALO,90.66881159420291,78.90942857142856,Canadian Grand Prix,2024,2025,6
GAS,90.68531884057971,80.00924637681159,Canadian Grand Prix,2024,2025,20
HAM,90.47365217391304,78.90572857142857,Canadian Grand Prix,2024,2025,5
HUL,90.76255072463768,78.97217142857143,Canadian Grand Prix,2024,2025,11
LEC,95.61271794871796,78.80185714285714,Canadian Grand Prix,2024,2025,8
NOR,90.50846376811594,76.32530303030303,Canadian Grand Prix,2024,2025,7
OCO,90.71469565217392,79.9153768115942,Canadian Grand Prix,2024,2025,14
PIA,90.57489855072463,78.7828142857143,Canadian Grand Prix,2024,2025,3
RUS,90.55827536231884,78.75268571428572,Canadian Grand Prix,2024,2025,1
SAI,91.58449019607843,79.92136231884058,Canadian Grand Prix,2024,2025,16
STR,90.70246376811595,80.0253768115942,Canadian Grand Prix,2024,2025,17
TSU,91.10023188405798,79.97310144927536,Canadian Grand Prix,2024,2025,18
VER,90.47730434782609,78.75594285714286,Canadian Grand Prix,2024,2025,2
ALB,82.43655384615386,85.30177777777779,Spanish Grand Prix,2024,2025,11
ALO,81.68806153846154,84.8324090909091,Spanish Grand Prix,2024,2025,10
GAS,81.24624242424242,84.7766212121212,Spanish Grand Prix,2024,2025,8
HAM,80.57601515151515,84.74065151515151,Spanish Grand Prix,2024,2025,5
HUL,81.4309393939394,84.7124696969697,Spanish Grand Prix,2024,2025,15
LEC,80.65054545454545,84.6640909090909,Spanish Grand Prix,2024,2025,7
NOR,80.3400909090909,84.54312121212122,Spanish Grand Prix,2024,2025,2
OCO,81.39569696969697,84.99351515151515,Spanish Grand Prix,2024,2025,16
PIA,80.81798484848485,84.50568181818181,Spanish Grand Prix,2024,2025,1
RUS,80.64465151515151,84.67778787878788,Spanish Grand Prix,2024,2025,4
SAI,80.77659090909091,84.94975757575757,Spanish Grand Prix,2024,2025,17
TSU,82.52509230769232,84.9423787878788,Spanish Grand Prix,2024,2025,19
VER,80.3064696969697,84.68486363636363,Spanish Grand Prix,2024,2025,3
ALB,72.48091428571428,80.01520000000001,Austrian Grand Prix,2024,2025,12
ALO,73.00654285714285,72.88594202898551,Austrian Grand Prix,2024,2025,11
GAS,72.17695774647888,73.34417391304348,Austrian Grand Prix,2024,2025,10
HAM,71.63295774647887,72.23875714285714,Austrian Grand Prix,2024,2025,4
HUL,72.06881690140844,72.977,Austrian Grand Prix,2024,2025,20
LEC,72.25146478873239,72.10732857142857,Austrian Grand Prix,2024,2025,2
NOR,71.73521875,71.82418571428572,Austrian Grand Prix,2024,2025,1
OCO,72.269338028169,73.00984057971014,Austrian Grand Prix,2024,2025,17
PIA,71.33385915492957,71.86268571428572,Austrian Grand Prix,2024,2025,3
RUS,71.30701408450705,72.71555714285714,Austrian Grand Prix,2024,2025,5
STR,72.47188571428572,73.3645652173913,Austrian Grand Prix,2024,2025,16
TSU,72.51347142857144,73.9804705882353,Austrian Grand Prix,2024,2025,18
ALB,96.45088461538461,108.29774468085105,British Grand Prix,2024,2025,13
ALO,96.35838461538462,108.271,British Grand Prix,2024,2025,7
HAM,95.13575,107.64827659574468,British Grand Prix,2024,2025,5
HUL,96.20732692307692,106.56926086956521,British Grand Prix,2024,2025,19
LEC,97.79474509803921,108.80957446808512,British Grand Prix,2024,2025,6
NOR,95.28088461538461,105.54921739130435,British Grand Prix,2024,2025,3
OCO,99.15482,108.3108085106383,British Grand Prix,2024,2025,14
PIA,95.37476923076923,105.34128260869565,British Grand Prix,2024,2025,2
RUS,96.11142424242425,108.34195744680851,British Grand Prix,2024,2025,4
SAI,96.04571153846155,108.56846808510637,British Grand Prix,2024,2025,9
STR,96.22361538461539,107.02754347826087,British Grand Prix,2024,2025,17
TSU,96.6608076923077,110.05676086956521,British Grand Prix,2024,2025,11
VER,95.16392307692308,106.5866304347826,British Grand Prix,2024,2025,1
ALB,85.77910144927536,83.46872463768115,Hungarian Grand Prix,2024,2025,19
ALO,85.20641428571427,82.5753,Hungarian Grand Prix,2024,2025,5
GAS,86.6440909090909,83.58804347826087,Hungarian Grand Prix,2024,2025,16
HAM,84.24098571428571,83.05930434782609,Hungarian Grand Prix,2024,2025,12
HUL,85.72714492753623,83.36955072463768,Hungarian Grand Prix,2024,2025,18
LEC,84.30964285714286,82.26844285714286,Hungarian Grand Prix,2024,2025,1
NOR,84.059,81.73187142857142,Hungarian Grand Prix,2024,2025,3
OCO,86.1292463768116,83.57230434782608,Hungarian Grand Prix,2024,2025,17
PIA,84.02841428571428,81.74184285714286,Hungarian Grand Prix,2024,2025,2
RUS,84.63367142857143,82.04495714285714,Hungarian Grand Prix,2024,2025,4
SAI,84.35802857142858,83.3993768115942,Hungarian Grand Prix,2024,2025,13
STR,85.14235714285715,82.70578571428571,Hungarian Grand Prix,2024,2025,6
TSU,85.13211428571428,83.59672463768116,Hungarian Grand Prix,2024,2025,20
VER,84.3334,82.76965714285714,Hungarian Grand Prix,2024,2025,8
ALB,110.47025,113.1410731707317,Belgian Grand Prix,2024,2025,5
ALO,110.15915909090909,114.74175609756098,Belgian Grand Prix,2024,2025,20
GAS,110.48647727272727,114.14143902439024,Belgian Grand Prix,2024,2025,13
HAM,109.0355909090909,113.51165853658537,Belgian Grand Prix,2024,2025,18
HUL,111.04256818181817,114.19846341463413,Belgian Grand Prix,2024,2025,14
LEC,109.21793181818181,112.61043902439025,Belgian Grand Prix,2024,2025,3
NOR,109.2475,112.13146341463415,Belgian Grand Prix,2024,2025,1
OCO,110.21799999999999,114.4239268292683,Belgian Grand Prix,2024,2025,11
PIA,109.05029545454545,112.06253658536586,Belgian Grand Prix,2024,2025,2
RUS,109.02363636363636,113.06241463414635,Belgian Grand Prix,2024,2025,6
SAI,109.47352272727272,114.71636585365854,Belgian Grand Prix,2024,2025,17
STR,110.45570454545455,114.37717073170731,Belgian Grand Prix,2024,2025,16
TSU,110.76765909090909,114.08439024390243,Belgian Grand Prix,2024,2025,7
VER,109.23331818181818,112.67973170731706,Belgian Grand Prix,2024,2025,4
ALB,77.27084507042254,82.16911111111112,Dutch Grand Prix,2024,2025,15
ALO,76.88805633802816,82.24386111111112,Dutch Grand Prix,2024,2025,10
GAS,76.81863380281689,82.40941666666667,Dutch Grand Prix,2024,2025,14
HAM,76.32108333333333,76.61263636363637,Dutch Grand Prix,2024,2025,7
HUL,76.96807042253522,82.35519444444444,Dutch Grand Prix,2024,2025,17
LEC,75.98552777777778,78.7888076923077,Dutch Grand Prix,2024,2025,6
NOR,75.63220833333334,80.757609375,Dutch Grand Prix,2024,2025,2
OCO,77.35770422535211,82.27655555555556,Dutch Grand Prix,2024,2025,18
PIA,76.01188888888889,82.08123611111111,Dutch Grand Prix,2024,2025,1
RUS,76.2518888888889,82.15976388888889,Dutch Grand Prix,2024,2025,5
SAI,76.07855555555555,82.32256944444445,Dutch Grand Prix,2024,2025,9
STR,76.98916901408451,82.21313888888888,Dutch Grand Prix,2024,2025,19
TSU,77.615,82.27008333333333,Dutch Grand Prix,2024,2025,12
VER,75.95020833333334,82.0988888888889,Dutch Grand Prix,2024,2025,3
ALB,85.81477358490567,84.054,Italian Grand Prix,2024,2025,14
ALO,85.83437735849056,86.72925,Italian Grand Prix,2024,2025,8
COL,86.07613207547169,84.84178846153847,Italian Grand Prix,2024,2025,17
GAS,86.52059615384616,84.81080769230769,Italian Grand Prix,2024,2025,20
HAM,84.97258490566038,83.80705660377359,Italian Grand Prix,2024,2025,10
LEC,84.54201886792453,83.5839433962264,Italian Grand Prix,2024,2025,4
NOR,84.65811320754717,83.46286792452831,Italian Grand Prix,2024,2025,2
OCO,86.41126923076924,84.73961538461539,Italian Grand Prix,2024,2025,15
PIA,84.59228301886792,83.503320754717,Italian Grand Prix,2024,2025,3
RUS,85.29135849056604,83.7208679245283,Italian Grand Prix,2024,2025,5
SAI,84.83675471698113,84.3168679245283,Italian Grand Prix,2024,2025,13
STR,87.00451923076922,84.87742307692308,Italian Grand Prix,2024,2025,16
TSU,90.95271428571428,84.6231320754717,Italian Grand Prix,2024,2025,9
VER,85.25771698113206,83.10047169811321,Italian Grand Prix,2024,2025,1
ALB,110.25446,107.8520625,Azerbaijan Grand Prix,2024,2025,19
ALO,110.22398,107.996375,Azerbaijan Grand Prix,2024,2025,11
BEA,110.35770000000001,107.8435,Azerbaijan Grand Prix,2024,2025,15
COL,110.29074,108.80091489361702,Azerbaijan Grand Prix,2024,2025,16
GAS,110.61432,108.80565957446808,Azerbaijan Grand Prix,2024,2025,18
HAM,110.33262,107.092625,Azerbaijan Grand Prix,2024,2025,12
HUL,110.39265999999999,108.14339583333333,Azerbaijan Grand Prix,2024,2025,17
LEC,108.67784,107.0756875,Azerbaijan Grand Prix,2024,2025,10
NOR,109.23942,106.97414583333334,Azerbaijan Grand Prix,2024,2025,7
OCO,110.88244897959183,108.07783333333333,Azerbaijan Grand Prix,2024,2025,20
RUS,109.12790000000001,106.4565625,Azerbaijan Grand Prix,2024,2025,5
SAI,108.60751020408163,106.46104166666667,Azerbaijan Grand Prix,2024,2025,2
STR,111.13511111111112,108.378,Azerbaijan Grand Prix,2024,2025,14
TSU,115.90364285714286,106.92245833333334,Azerbaijan Grand Prix,2024,2025,6
VER,109.06310204081632,106.05877083333333,Azerbaijan Grand Prix,2024,2025,1
ALB,104.04686666666666,99.14240983606557,Singapore Grand Prix,2024,2025,20
ALO,99.23678688524589,98.43603225806451,Singapore Grand Prix,2024,2025,10
COL,99.32549180327868,99.4304426229508,Singapore Grand Prix,2024,2025,16
GAS,100.19065573770492,99.50537704918034,Singapore Grand Prix,2024,2025,19
HAM,98.99708064516129,98.42932258064516,Singapore Grand Prix,2024,2025,6
HUL,99.27395081967214,99.53126229508197,Singapore Grand Prix,2024,2025,11
LEC,98.62904838709677,97.87682258064517,Singapore Grand Prix,2024,2025,7
NOR,97.62211290322581,97.23279032258064,Singapore Grand Prix,2024,2025,5
OCO,99.94386885245902,99.5,Singapore Grand Prix,2024,2025,17
PIA,98.29667741935484,97.26633870967741,Singapore Grand Prix,2024,2025,3
RUS,98.60662903225806,97.13495161290322,Singapore Grand Prix,2024,2025,1
SAI,99.17112903225807,98.90362295081967,Singapore Grand Prix,2024,2025,18
STR,100.00232786885246,99.12880327868852,Singapore Grand Prix,2024,2025,15
TSU,99.36660655737705,99.0432131147541,Singapore Grand Prix,2024,2025,13
VER,97.95993548387096,97.2225322580645,Singapore Grand Prix,2024,2025,2
ALB,103.17762962962962,102.14573214285714,United States Grand Prix,2024,2025,18
ALO,102.90420370370371,101.96717857142858,United States Grand Prix,2024,2025,10
COL,102.37798181818181,102.59032727272727,United States Grand Prix,2024,2025,15
GAS,102.45436363636364,102.6602909090909,United States Grand Prix,2024,2025,14
HAM,108.064,101.22673214285714,United States Grand Prix,2024,2025,5
HUL,102.16325454545455,101.73946428571428,United States Grand Prix,2024,2025,11
LAW,101.46307407407409,102.02446428571429,United States Grand Prix,2024,2025,12
LEC,99.80833333333332,100.99167857142857,United States Grand Prix,2024,2025,3
NOR,100.15840740740741,100.85928571428572,United States Grand Prix,2024,2025,2
OCO,103.72374074074075,102.20007142857142,United States Grand Prix,2024,2025,17
PIA,101.22374545454545,101.247125,United States Grand Prix,2024,2025,6
RUS,102.10569090909091,101.31458928571429,United States Grand Prix,2024,2025,4
SAI,99.9977962962963,101.888,United States Grand Prix,2024,2025,9
STR,102.34162264150943,102.05248214285714,United States Grand Prix,2024,2025,19
TSU,102.00133962264151,101.65848214285714,United States Grand Prix,2024,2025,13
VER,100.18392592592592,100.71716071428571,United States Grand Prix,2024,2025,1
ALO,101.74926666666667,84.9030294117647,Mexico City Grand Prix,2024,2025,14
COL,86.90424285714285,84.61357142857143,Mexico City Grand Prix,2024,2025,20
GAS,86.77695714285714,84.60934285714286,Mexico City Grand Prix,2024,2025,18
HAM,85.92366197183098,83.5918309859155,Mexico City Grand Prix,2024,2025,3
HUL,86.55028571428572,85.00536,Mexico City Grand Prix,2024,2025,13
LAW,87.43237142857143,96.3844,Mexico City Grand Prix,2024,2025,15
LEC,85.77728169014084,83.22391549295774,Mexico City Grand Prix,2024,2025,2
NOR,85.35922535211267,82.79681690140845,Mexico City Grand Prix,2024,2025,1
OCO,87.07804285714285,83.85969014084507,Mexico City Grand Prix,2024,2025,11
PIA,86.20743661971831,83.38928169014085,Mexico City Grand Prix,2024,2025,7
RUS,85.97656338028169,83.50508450704226,Mexico City Grand Prix,2024,2025,4
SAI,85.29295774647888,83.79301492537313,Mexico City Grand Prix,2024,2025,12
STR,86.8696,84.08012857142857,Mexico City Grand Prix,2024,2025,19
VER,86.13180281690141,83.23412676056337,Mexico City Grand Prix,2024,2025,5
